,Unnamed: 0,timestamp,open,high,low,close,volume,hour_of_day
0,0,2024-04-30 19:00:00,166.2000,166.2000,165.5500,166.0000,1542020
1,1,2024-04-30 18:00:00,165.9700,166.2000,165.5100,166.0900,1542561
2,2,2024-04-30 17:00:00,165.6000,166.2000,165.6000,165.9700,6870
3,3,2024-04-30 16:00:00,166.1900,166.2300,165.5000,165.8300,5357326
4,4,2024-04-30 15:00:00,166.1050,166.2450,165.5800,166.1900,1159259
5,5,2024-04-30 14:00:00,166.2320,166.3100,165.7500,166.1400,344477
6,6,2024-04-30 13:00:00,165.8830,166.3600,165.6500,166.2200,354279
7,7,2024-04-30 12:00:00,165.7300,166.3200,165.3200,165.9100,349591
8,8,2024-04-30 11:00:00,165.9700,166.3200,165.2600,165.7600,501432
9,9,2024-04-30 10:00:00,165.6000,166.2500,165.4500,165.9810,543766
10,10,2024-04-30 09:00:00,166.8100,167.3000,165.3000,165.6100,361272
11,11,2024-04-30 08:00:00,167.3000,167.8000,166.6100,166.9500,9399
12,12,2024-04-30 07:00:00,167.3000,167.5300,167.1100,167.2500,548
13,13,2024-04-30 06:00:00,167.2900,167.4300,167.0100,167.3000,160
14,14,2024-04-30 05:00:00,167.4000,167.4300,167.2000,167.2000,133
15,15,2024-04-30 04:00:00,167.6200,167.6200,166.8100,167.1200,206
16,16,2024-04-29 19:00:00,167.4300,167.4300,167.0100,167.1800,1127596
17,17,2024-04-29 18:00:00,167.1300,167.4300,167.1300,167.2200,1126072
18,18,2024-04-29 17:00:00,167.3500,167.3500,167.0900,167.2000,1111
19,19,2024-04-29 16:00:00,167.5100,168.0200,166.0000,167.3500,3962111
20,20,2024-04-29 15:00:00,166.9400,167.4800,166.2250,167.4700,1091406
21,21,2024-04-29 14:00:00,166.7200,167.0790,166.3000,166.9800,459035
22,22,2024-04-29 13:00:00,166.6200,167.0300,166.4600,166.7260,301005
23,23,2024-04-29 12:00:00,166.7300,167.1100,166.4600,166.5800,289213
24,24,2024-04-29 11:00:00,166.8600,167.2000,166.4800,166.7300,388766
25,25,2024-04-29 10:00:00,167.6700,167.7900,166.8000,166.8700,497779
26,26,2024-04-29 09:00:00,167.2000,168.2200,166.5650,167.7000,418316
27,27,2024-04-29 08:00:00,167.3000,168.8300,166.0000,167.2000,8401
28,28,2024-04-29 07:00:00,167.3800,167.6800,167.3000,167.6600,1435
29,29,2024-04-29 06:00:00,167.6000,167.6700,167.3000,167.3000,156
30,30,2024-04-29 05:00:00,167.2000,167.5400,167.0300,167.5400,541
31,31,2024-04-29 04:00:00,167.5300,168.0000,167.1500,167.1500,505
32,32,2024-04-26 19:00:00,167.1300,167.2000,167.0100,167.1000,929985
33,33,2024-04-26 18:00:00,167.2000,167.2400,167.0000,167.0700,934095
34,34,2024-04-26 17:00:00,167.3500,167.3500,167.0000,167.2000,26053
35,35,2024-04-26 16:00:00,167.1300,167.4000,166.4000,167.3190,2981321
36,36,2024-04-26 15:00:00,166.4800,167.3500,166.2600,167.1300,1778602
37,37,2024-04-26 14:00:00,167.4000,167.8700,166.4350,166.4800,742991
38,38,2024-04-26 13:00:00,167.5750,167.8300,167.2950,167.4050,590140
39,39,2024-04-26 12:00:00,167.2300,167.7300,166.3150,167.5750,833941
40,40,2024-04-26 11:00:00,166.2100,167.7900,166.1800,167.2600,1023177
41,41,2024-04-26 10:00:00,166.5100,166.7450,165.7300,166.2150,1605006
42,42,2024-04-26 09:00:00,168.8300,168.8900,166.0000,166.4700,1084172
43,43,2024-04-26 08:00:00,169.1000,170.0000,168.4000,168.5000,13293
44,44,2024-04-26 07:00:00,169.1000,169.3600,169.0400,169.3400,1962
45,45,2024-04-26 06:00:00,169.4300,169.4300,169.2100,169.2600,1004
46,46,2024-04-26 05:00:00,169.4000,169.6500,169.2800,169.4300,1032
47,47,2024-04-26 04:00:00,170.0000,170.0000,168.7500,169.3900,2321
48,48,2024-04-25 19:00:00,168.9100,169.0500,168.6900,168.8600,744434
49,49,2024-04-25 18:00:00,168.6700,168.9100,168.3500,168.7300,743949
50,50,2024-04-25 17:00:00,168.6000,168.9100,168.2500,168.7000,10447
51,51,2024-04-25 16:00:00,169.3000,169.5500,167.0500,168.6000,2312791
52,52,2024-04-25 15:00:00,167.8900,169.5300,167.4600,168.9600,2389540
53,53,2024-04-25 14:00:00,169.3250,169.4000,167.3200,167.8600,870071
54,54,2024-04-25 13:00:00,167.8200,170.2800,167.4500,169.3100,1210901
55,55,2024-04-25 12:00:00,166.0300,167.9300,165.9900,167.8400,1315839
56,56,2024-04-25 11:00:00,166.8200,169.1800,165.7660,166.0050,2145029
57,57,2024-04-25 10:00:00,166.9100,168.2900,165.6600,166.9100,3179977
58,58,2024-04-25 09:00:00,165.5800,172.4500,163.1200,166.8310,4132417
59,59,2024-04-25 08:00:00,168.0000,184.1000,165.5500,165.5800,229526
60,60,2024-04-25 07:00:00,167.5300,168.7400,167.1900,167.4800,62977
61,61,2024-04-25 06:00:00,168.7300,168.7300,166.1100,167.6000,4924
62,62,2024-04-25 05:00:00,168.5000,168.7500,168.1500,168.2600,8260
63,63,2024-04-25 04:00:00,167.9000,169.1100,167.2000,168.6000,14004
64,64,2024-04-24 19:00:00,184.1000,184.1000,168.0200,168.7900,730547
65,65,2024-04-24 18:00:00,168.4600,184.1000,168.2500,169.2500,735471
66,66,2024-04-24 17:00:00,171.9600,172.5000,166.5100,168.3900,273024
67,67,2024-04-24 16:00:00,184.1000,184.6500,170.1200,171.9600,2910723
68,68,2024-04-24 15:00:00,183.3100,184.2900,183.2050,184.1000,1684668
69,69,2024-04-24 14:00:00,183.2800,183.6000,182.7100,183.3300,681066
70,70,2024-04-24 13:00:00,182.6050,183.3300,182.1200,183.2300,441171
71,71,2024-04-24 12:00:00,182.0200,182.8100,181.4000,182.6400,711523
72,72,2024-04-24 11:00:00,183.4400,183.5610,182.0000,182.0800,656954
73,73,2024-04-24 10:00:00,182.3700,183.6100,182.2800,183.3900,801165
74,74,2024-04-24 09:00:00,183.6200,184.1600,182.1800,182.3300,624131
75,75,2024-04-24 08:00:00,183.7830,185.4900,182.1900,183.6700,11530
76,76,2024-04-24 07:00:00,183.9900,184.9400,183.5500,184.1500,2047
77,77,2024-04-24 06:00:00,183.4400,183.9700,183.3100,183.5100,1170
78,78,2024-04-24 05:00:00,183.4000,183.5000,183.1000,183.3900,191
79,79,2024-04-24 04:00:00,183.8900,183.8900,183.0000,183.0700,439
80,80,2024-04-23 19:00:00,182.1900,184.1000,182.1900,184.1000,636662
81,81,2024-04-23 18:00:00,183.8000,184.0000,182.1900,183.7600,635729
82,82,2024-04-23 17:00:00,183.6970,184.0000,183.3300,184.0000,6373
83,83,2024-04-23 16:00:00,182.3100,184.5000,182.1280,183.6940,2003369
84,84,2024-04-23 15:00:00,183.0600,183.2300,181.9700,182.3100,919390
85,85,2024-04-23 14:00:00,184.6000,184.6300,179.0000,183.0750,2564362
86,86,2024-04-23 13:00:00,184.4500,184.6800,184.1150,184.6100,268479
87,87,2024-04-23 12:00:00,183.8100,184.6700,183.8100,184.4500,244184
88,88,2024-04-23 11:00:00,184.0900,184.4900,183.7700,183.8100,407093
89,89,2024-04-23 10:00:00,183.4200,184.4100,182.7900,184.0650,460624
90,90,2024-04-23 09:00:00,182.0100,183.7000,182.0100,183.3850,230697
91,91,2024-04-23 08:00:00,182.2800,182.8100,181.5000,182.0800,7509
92,92,2024-04-23 07:00:00,182.2800,182.4000,182.0700,182.0700,340
93,93,2024-04-23 06:00:00,181.9500,182.2800,181.9500,182.0600,86
94,94,2024-04-23 05:00:00,182.3300,182.3300,181.9500,182.0600,98
95,95,2024-04-23 04:00:00,182.7000,182.9900,182.0600,182.3600,51
96,96,2024-04-22 19:00:00,181.9000,184.0000,181.9000,183.0100,345893
97,97,2024-04-22 18:00:00,181.5000,182.2000,181.5000,182.0000,344222
98,98,2024-04-22 17:00:00,180.2900,182.4600,180.2900,181.5000,254
99,99,2024-04-22 16:00:00,181.9300,183.0000,180.0000,182.9500,1394675
100,100,2024-04-22 15:00:00,182.6600,182.8900,181.7070,181.9300,547074
101,101,2024-04-22 14:00:00,182.9850,183.3150,182.5400,182.6900,202568
102,102,2024-04-22 13:00:00,181.0900,183.0600,181.0560,182.9500,356101
103,103,2024-04-22 12:00:00,180.8200,181.1200,180.5100,181.0600,315286
104,104,2024-04-22 11:00:00,181.0700,181.3300,180.4500,180.8000,316485
105,105,2024-04-22 10:00:00,181.7550,181.8700,181.0250,181.1100,343247
106,106,2024-04-22 09:00:00,182.3900,182.6000,181.5100,181.7200,229538
107,107,2024-04-22 08:00:00,182.2000,182.7000,181.5000,182.4700,2664
108,108,2024-04-22 07:00:00,182.0100,182.6300,182.0100,182.5400,1956
109,109,2024-04-22 06:00:00,181.9400,182.4900,181.9400,182.1200,232
110,110,2024-04-22 05:00:00,182.2500,182.2500,181.8900,182.1900,15
111,111,2024-04-22 04:00:00,181.5800,182.1900,181.5000,182.1900,750
112,112,2024-04-19 19:00:00,181.5800,181.5800,181.2000,181.5100,487365
113,113,2024-04-19 18:00:00,181.6100,181.7500,181.5500,181.6000,487126
114,114,2024-04-19 17:00:00,181.5900,181.7500,181.1850,181.7000,39490
115,115,2024-04-19 16:00:00,181.5900,181.9500,180.5000,181.7500,1594553
116,116,2024-04-19 15:00:00,181.3500,181.6600,180.5700,181.5900,775405
117,117,2024-04-19 14:00:00,181.9000,182.0900,181.1200,181.3850,270578
118,118,2024-04-19 13:00:00,181.5200,182.1700,181.3400,181.8900,222035
119,119,2024-04-19 12:00:00,181.7600,181.9800,180.6900,181.5450,276381
120,120,2024-04-19 11:00:00,182.0400,182.3000,181.7450,181.8000,179497
121,121,2024-04-19 10:00:00,182.5000,182.6800,181.8600,182.0900,262103
122,122,2024-04-19 09:00:00,181.2100,182.8000,181.1200,182.5450,338257
123,123,2024-04-19 08:00:00,180.8700,182.1750,180.5000,181.2100,862
124,124,2024-04-19 07:00:00,180.8500,180.9800,180.6600,180.9800,181
125,125,2024-04-19 06:00:00,180.5100,180.9500,180.5100,180.5300,207
126,126,2024-04-19 05:00:00,180.3200,181.2800,180.3100,180.9500,500
127,127,2024-04-19 04:00:00,180.5300,181.0000,180.3100,180.3200,174
128,128,2024-04-18 19:00:00,181.4700,181.5100,181.2000,181.5100,398283
129,129,2024-04-18 18:00:00,181.8000,181.8000,181.1600,181.6000,398127
130,130,2024-04-18 17:00:00,181.4400,182.0000,181.1500,181.3000,192
131,131,2024-04-18 16:00:00,181.4900,182.5000,180.5000,181.1100,1294831
132,132,2024-04-18 15:00:00,181.0700,181.8500,181.0000,181.4600,642058
133,133,2024-04-18 14:00:00,181.1800,181.5400,180.8200,181.0000,212933
134,134,2024-04-18 13:00:00,181.7600,181.8300,180.9000,181.2100,256881
135,135,2024-04-18 12:00:00,183.1900,183.2400,181.6900,181.7600,201175
136,136,2024-04-18 11:00:00,183.2600,183.4600,182.6100,183.2700,274358
137,137,2024-04-18 10:00:00,182.4650,183.4100,182.1600,183.2500,365958
138,138,2024-04-18 09:00:00,182.8000,183.0000,180.1700,182.5550,382079
139,139,2024-04-18 08:00:00,183.1000,184.6100,182.4000,182.7700,310
140,140,2024-04-18 07:00:00,182.9900,183.4700,182.6900,183.0900,1466
141,141,2024-04-18 06:00:00,182.8100,182.8600,182.8100,182.8600,32
142,142,2024-04-18 05:00:00,183.2500,183.3700,183.0900,183.0900,124
143,143,2024-04-18 04:00:00,184.2300,184.2300,183.2100,183.7600,12
144,144,2024-04-17 19:00:00,183.1000,183.3000,183.1000,183.2000,491555
145,145,2024-04-17 18:00:00,183.2350,183.3000,183.0100,183.0700,492039
146,146,2024-04-17 17:00:00,183.1900,183.3000,183.0100,183.3000,41
147,147,2024-04-17 16:00:00,183.0800,183.3000,183.0000,183.2000,1638329
148,148,2024-04-17 15:00:00,183.2700,183.3400,182.6100,183.0800,524437
149,149,2024-04-17 14:00:00,183.0350,183.7300,182.7700,183.2600,238969
150,150,2024-04-17 13:00:00,182.1600,183.1800,182.1500,183.0600,166734
151,151,2024-04-17 12:00:00,182.8550,183.0700,181.7800,182.1950,286295
152,152,2024-04-17 11:00:00,183.5200,183.8700,182.7600,182.8770,374781
153,153,2024-04-17 10:00:00,184.4400,184.4600,183.2500,183.4950,455036
154,154,2024-04-17 09:00:00,183.9300,184.6700,183.2900,184.4000,241633
155,155,2024-04-17 08:00:00,183.5000,185.6000,183.2900,183.9300,2856
156,156,2024-04-17 07:00:00,184.0000,184.9900,183.8200,184.5000,1895
157,157,2024-04-17 06:00:00,183.9600,184.5300,183.8000,183.8500,152
158,158,2024-04-17 05:00:00,183.8900,184.0000,183.6500,183.8000,934
159,159,2024-04-17 04:00:00,183.3600,184.0100,183.0100,184.0000,1182
160,160,2024-04-16 19:00:00,183.7500,184.2300,183.7500,183.7600,487578
161,161,2024-04-16 18:00:00,183.9000,184.6100,183.7500,184.6100,487439
162,162,2024-04-16 17:00:00,183.6500,183.9900,183.6500,183.9000,321
163,163,2024-04-16 16:00:00,183.7700,186.0000,183.6000,183.9500,1579387
164,164,2024-04-16 15:00:00,184.6300,184.6700,183.5900,183.7700,721409
165,165,2024-04-16 14:00:00,184.1000,185.0700,183.4600,184.6200,382158
166,166,2024-04-16 13:00:00,184.4100,184.6600,183.5500,184.1400,306835
167,167,2024-04-16 12:00:00,183.8000,184.7500,183.5800,184.4100,339818
168,168,2024-04-16 11:00:00,183.6700,184.3600,183.4700,183.7600,379564
169,169,2024-04-16 10:00:00,183.7800,184.9000,183.5900,183.6950,812713
170,170,2024-04-16 09:00:00,183.2500,186.2500,182.8600,183.7750,827745
171,171,2024-04-16 08:00:00,182.1600,183.6000,180.2200,183.1500,8832
172,172,2024-04-16 07:00:00,182.2000,183.6000,182.2000,183.2500,8097
173,173,2024-04-16 06:00:00,180.7600,182.5000,180.7600,182.2000,3710
174,174,2024-04-16 05:00:00,181.0000,181.1100,180.5000,180.7500,220
175,175,2024-04-16 04:00:00,180.6100,181.6000,180.6100,181.1100,286
176,176,2024-04-15 19:00:00,181.2500,181.7000,181.0100,181.5000,446841
177,177,2024-04-15 18:00:00,181.9500,181.9500,181.0100,181.9100,446578
178,178,2024-04-15 17:00:00,181.2500,181.7970,181.0000,181.2400,13564
179,179,2024-04-15 16:00:00,181.2800,181.9500,180.0800,181.0100,1463095
180,180,2024-04-15 15:00:00,181.7500,181.8900,180.8800,181.2800,671405
181,181,2024-04-15 14:00:00,182.1800,182.4900,181.5200,181.7500,253696
182,182,2024-04-15 13:00:00,182.9450,183.1400,181.7200,182.2800,262857
183,183,2024-04-15 12:00:00,183.0700,183.2250,182.0600,182.9900,250138
184,184,2024-04-15 11:00:00,182.7200,183.2200,182.2700,183.0400,277879
185,185,2024-04-15 10:00:00,183.9650,184.3300,182.3750,182.7000,503447
186,186,2024-04-15 09:00:00,183.8000,187.4800,183.0000,183.9500,658178
187,187,2024-04-15 08:00:00,183.7700,183.8000,182.0000,182.9000,3390
188,188,2024-04-15 07:00:00,183.1400,183.5900,183.1400,183.3800,1077
189,189,2024-04-15 06:00:00,183.6900,183.6900,182.9500,183.1700,852
190,190,2024-04-15 05:00:00,183.1700,183.3100,183.0500,183.1500,97
191,191,2024-04-15 04:00:00,182.3000,184.0900,182.3000,183.2100,1094
192,192,2024-04-12 19:00:00,182.2700,182.4900,182.0100,182.1000,549979
193,193,2024-04-12 18:00:00,182.0100,182.5000,182.0100,182.2500,548479
194,194,2024-04-12 17:00:00,182.0000,182.8200,182.0000,182.5000,223
195,195,2024-04-12 16:00:00,182.3000,183.2000,182.0000,182.2700,1824822
196,196,2024-04-12 15:00:00,182.1000,182.4900,181.9100,182.3400,881737
197,197,2024-04-12 14:00:00,182.3700,182.7400,181.6850,182.1430,355198
198,198,2024-04-12 13:00:00,183.1000,183.3400,182.1100,182.4000,329571
199,199,2024-04-12 12:00:00,184.4750,184.5600,183.0400,183.0700,314673
200,200,2024-04-12 11:00:00,183.9700,185.1700,183.8600,184.4950,331489
201,201,2024-04-12 10:00:00,184.6800,184.9700,183.9200,183.9900,288016
202,202,2024-04-12 09:00:00,184.6500,185.6000,183.5500,184.7900,250549
203,203,2024-04-12 08:00:00,185.8000,186.1400,184.3000,184.6500,2329
204,204,2024-04-12 07:00:00,185.5100,185.7400,185.1900,185.4600,1315
205,205,2024-04-12 05:00:00,185.0600,185.6900,185.0600,185.6900,15
206,206,2024-04-12 04:00:00,186.1400,186.1400,185.7500,185.7500,135
207,207,2024-04-11 19:00:00,185.9000,186.1900,185.9000,185.9000,398027
208,208,2024-04-11 18:00:00,186.0100,186.2000,185.9000,186.2000,396497
209,209,2024-04-11 17:00:00,185.9000,186.2400,184.9000,186.1900,675
210,210,2024-04-11 16:00:00,185.8800,186.8630,184.5000,186.7500,1309745
211,211,2024-04-11 15:00:00,186.4250,186.5700,185.8300,185.8800,508942
212,212,2024-04-11 14:00:00,185.4950,186.7950,185.4500,186.4200,350870
213,213,2024-04-11 13:00:00,184.8450,185.6700,184.7150,185.4800,260903
214,214,2024-04-11 12:00:00,185.4400,185.4900,184.7500,184.8600,271449
215,215,2024-04-11 11:00:00,185.3600,185.5030,184.9600,185.4200,299246
216,216,2024-04-11 10:00:00,185.4700,185.5300,184.5800,185.3300,353894
217,217,2024-04-11 09:00:00,186.2000,186.5000,185.2600,185.4700,241948
218,218,2024-04-11 08:00:00,185.4300,186.4200,185.0000,186.0400,3318
219,219,2024-04-11 07:00:00,185.3300,185.5700,185.0400,185.1000,1078
220,220,2024-04-11 06:00:00,184.9000,185.4200,184.9000,185.1700,1026
221,221,2024-04-11 05:00:00,185.5800,185.9300,184.4900,185.2600,910
222,222,2024-04-11 04:00:00,185.9200,186.7300,185.8600,185.9900,60
223,223,2024-04-10 19:00:00,186.0400,186.0400,185.6100,185.9800,621089
224,224,2024-04-10 18:00:00,186.0000,186.0400,185.7000,185.9000,621345
225,225,2024-04-10 17:00:00,186.0400,186.0400,185.8900,185.9800,113
226,226,2024-04-10 16:00:00,186.0400,186.5000,185.0000,185.4100,2084250
227,227,2024-04-10 15:00:00,185.6300,186.4500,185.5200,186.0400,643711
228,228,2024-04-10 14:00:00,186.3000,186.5850,185.5800,185.5800,251087
229,229,2024-04-10 13:00:00,186.7400,186.8100,185.6900,186.2280,246465
230,230,2024-04-10 12:00:00,186.3100,186.8000,186.2300,186.7600,148056
231,231,2024-04-10 11:00:00,187.5900,187.6040,186.2000,186.3000,158479
232,232,2024-04-10 10:00:00,187.2020,187.9150,186.6000,187.6400,439752
233,233,2024-04-10 09:00:00,187.2200,190.9000,186.0020,187.2400,292329
234,234,2024-04-10 08:00:00,189.1500,189.6000,187.0000,187.5100,5093
235,235,2024-04-10 07:00:00,189.4900,189.5000,189.2800,189.2900,94
236,236,2024-04-10 06:00:00,189.3100,189.3100,189.1000,189.1100,57
237,237,2024-04-10 05:00:00,189.3900,189.6700,189.1800,189.6700,14
238,238,2024-04-10 04:00:00,189.3100,189.5200,189.2600,189.4400,13
239,239,2024-04-09 19:00:00,189.3100,189.5000,189.3100,189.3300,412172
240,240,2024-04-09 18:00:00,189.3400,189.5000,189.3100,189.3100,412259
241,241,2024-04-09 17:00:00,189.4800,189.5000,189.3100,189.3400,334
242,242,2024-04-09 16:00:00,189.3300,189.6600,188.6600,189.3400,1379679
243,243,2024-04-09 15:00:00,188.0440,189.3600,187.6100,189.3300,511443
244,244,2024-04-09 14:00:00,188.1400,188.2700,187.7600,188.0300,150508
245,245,2024-04-09 13:00:00,187.8250,188.2300,187.7900,188.1600,119519
246,246,2024-04-09 12:00:00,188.3450,188.9000,187.8300,187.8300,489512
247,247,2024-04-09 11:00:00,187.0050,188.4300,186.6600,188.3750,256570
248,248,2024-04-09 10:00:00,188.5200,189.3800,186.8800,187.0400,410892
249,249,2024-04-09 09:00:00,190.2500,191.2500,188.0800,188.4400,249700
250,250,2024-04-09 08:00:00,189.4000,190.2000,189.1000,189.7000,396
251,251,2024-04-09 07:00:00,189.4000,190.1000,189.3100,190.1000,1090
252,252,2024-04-09 06:00:00,189.5400,189.6600,189.3100,189.3100,77
253,253,2024-04-09 05:00:00,189.5100,189.6900,189.3600,189.6900,146
254,254,2024-04-09 04:00:00,189.7900,189.8200,189.4200,189.6900,81
255,255,2024-04-08 19:00:00,189.8200,189.9900,189.8200,189.9900,539207
256,256,2024-04-08 18:00:00,189.9600,189.9900,181.9120,189.9900,539332
257,257,2024-04-08 17:00:00,189.8500,189.9900,189.8500,189.9900,97
258,258,2024-04-08 16:00:00,189.9000,190.0800,189.4910,189.8200,1990843
259,259,2024-04-08 15:00:00,189.8450,190.2400,189.5100,189.9000,765685
260,260,2024-04-08 14:00:00,189.6800,189.8400,189.4300,189.8300,111947
261,261,2024-04-08 13:00:00,189.5800,189.8000,189.3800,189.6500,163053
262,262,2024-04-08 12:00:00,189.3600,189.5800,188.9120,189.5650,151026
263,263,2024-04-08 11:00:00,189.5600,189.9150,189.1000,189.3470,154455
264,264,2024-04-08 10:00:00,189.3700,189.6600,188.9600,189.5600,183450
265,265,2024-04-08 09:00:00,189.2000,189.8250,188.7900,189.3800,182865
266,266,2024-04-08 08:00:00,188.9700,190.0000,188.1000,189.2000,2698
267,267,2024-04-08 07:00:00,189.0100,189.2500,188.2900,189.1400,2611
268,268,2024-04-08 06:00:00,189.0400,189.3700,188.8000,188.8100,596
269,269,2024-04-08 05:00:00,189.1600,189.3700,188.8200,189.0400,165
270,270,2024-04-08 04:00:00,191.8600,191.8600,189.0000,189.0000,349
271,271,2024-04-05 19:00:00,189.1400,189.3900,189.0100,189.2500,340555
272,272,2024-04-05 18:00:00,189.1500,189.2500,189.1400,189.1400,341072
273,273,2024-04-05 17:00:00,189.1600,189.2000,189.1500,189.2000,25
274,274,2024-04-05 16:00:00,189.1500,189.2500,188.0200,189.2000,1120544
275,275,2024-04-05 15:00:00,189.7100,189.8100,189.0700,189.1400,402611
276,276,2024-04-05 14:00:00,189.6200,190.3200,189.4200,189.7000,151122
277,277,2024-04-05 13:00:00,190.1650,190.1750,189.4000,189.6650,255472
278,278,2024-04-05 12:00:00,189.9650,190.1900,189.6300,190.1900,146181
279,279,2024-04-05 11:00:00,189.3600,190.2100,188.9800,189.9700,192518
280,280,2024-04-05 10:00:00,188.9100,189.4400,188.0600,189.3600,217544
281,281,2024-04-05 09:00:00,188.0000,189.2300,187.9110,188.9300,170398
282,282,2024-04-05 08:00:00,188.1000,189.7000,187.6800,188.5300,1741
283,283,2024-04-05 07:00:00,188.0500,188.5900,188.0500,188.5400,578
284,284,2024-04-05 06:00:00,188.1500,188.6800,187.9400,188.6800,78
285,285,2024-04-05 05:00:00,188.1400,188.7900,188.1400,188.7900,6
286,286,2024-04-05 04:00:00,188.2000,188.3200,188.0800,188.1400,68
287,287,2024-04-04 19:00:00,187.9400,188.2500,187.9400,188.2400,493759
288,288,2024-04-04 18:00:00,187.9500,188.2500,187.7000,188.0000,494387
289,289,2024-04-04 17:00:00,187.9900,188.9300,187.6100,187.7000,949
290,290,2024-04-04 16:00:00,187.9300,188.9300,187.2500,188.4500,1636026
291,291,2024-04-04 15:00:00,188.2700,188.3500,187.3400,187.9400,694627
292,292,2024-04-04 14:00:00,190.9490,190.9600,188.1400,188.3100,332477
293,293,2024-04-04 13:00:00,191.7400,191.7700,190.9700,190.9800,200277
294,294,2024-04-04 12:00:00,191.8800,192.3000,191.6900,191.7350,168073
295,295,2024-04-04 11:00:00,191.9300,192.0500,191.5100,191.8600,186656
296,296,2024-04-04 10:00:00,192.5200,193.2800,191.7500,191.9400,421742
297,297,2024-04-04 09:00:00,191.7300,192.7400,191.6300,192.5400,266454
298,298,2024-04-04 08:00:00,191.5000,191.9100,190.9000,191.8300,2531
299,299,2024-04-04 07:00:00,191.4200,191.7500,191.3500,191.7000,1662
300,300,2024-04-04 06:00:00,191.2000,191.5500,190.9500,191.3500,216
301,301,2024-04-04 05:00:00,191.3800,191.3800,191.0700,191.2000,69
302,302,2024-04-04 04:00:00,191.0500,191.5500,191.0500,191.5500,233
303,303,2024-04-03 19:00:00,190.9000,191.3900,190.5300,191.3900,410801
304,304,2024-04-03 18:00:00,191.2600,191.3900,190.9000,191.2800,410991
305,305,2024-04-03 17:00:00,191.3900,191.3900,190.9100,191.1900,228
306,306,2024-04-03 16:00:00,190.9200,191.5500,190.9000,191.2000,1417741
307,307,2024-04-03 15:00:00,190.9310,191.2200,190.3000,190.9200,689985
308,308,2024-04-03 14:00:00,190.9030,191.3500,190.6900,190.9300,246948
309,309,2024-04-03 13:00:00,190.4400,190.9600,190.2000,190.9000,227667
310,310,2024-04-03 12:00:00,190.6600,190.7200,190.1100,190.4400,254895
311,311,2024-04-03 11:00:00,190.7000,190.9600,190.4750,190.6600,214143
312,312,2024-04-03 10:00:00,189.3600,190.8150,189.3600,190.6800,318148
313,313,2024-04-03 09:00:00,188.6000,189.8900,188.0700,189.3200,227010
314,314,2024-04-03 08:00:00,188.5200,189.4800,188.0000,188.8000,544
315,315,2024-04-03 07:00:00,188.5000,188.9400,188.3800,188.8800,549
316,316,2024-04-03 06:00:00,188.5000,188.5000,188.5000,188.5000,7
317,317,2024-04-03 05:00:00,188.9000,188.9000,188.2900,188.5000,99
318,318,2024-04-03 04:00:00,188.1700,189.0600,188.1700,188.9000,90
319,319,2024-04-02 19:00:00,188.8800,189.0000,188.8000,188.9900,555864
320,320,2024-04-02 18:00:00,188.8000,189.0000,188.8000,188.8300,555494
321,321,2024-04-02 17:00:00,188.9000,189.3900,188.8000,188.9000,1023
322,322,2024-04-02 16:00:00,188.8900,189.8000,188.5500,189.5000,1898049
323,323,2024-04-02 15:00:00,188.6400,189.0800,188.4900,188.8900,474136
324,324,2024-04-02 14:00:00,188.6900,188.9600,188.4900,188.6500,177296
325,325,2024-04-02 13:00:00,188.6300,188.7550,188.4900,188.6800,149496
326,326,2024-04-02 12:00:00,188.5300,188.6200,188.2800,188.6100,153885
327,327,2024-04-02 11:00:00,188.5100,188.7500,188.2300,188.5100,279318
328,328,2024-04-02 10:00:00,187.8000,188.8300,187.6000,188.5600,317928
329,329,2024-04-02 09:00:00,188.5920,189.8000,187.7550,187.9000,303589
330,330,2024-04-02 08:00:00,190.0880,190.0880,188.5900,188.5900,2273
331,331,2024-04-02 07:00:00,189.4500,189.7600,189.4500,189.4900,1266
332,332,2024-04-02 06:00:00,189.5000,189.5000,189.2700,189.3500,342
333,333,2024-04-02 05:00:00,189.8300,189.9800,189.7100,189.7100,50
334,334,2024-04-02 04:00:00,189.7800,189.9800,189.7400,189.8300,418
335,335,2024-04-01 19:00:00,189.8300,189.9900,189.7900,189.9900,334330
336,336,2024-04-01 18:00:00,189.9900,189.9900,189.5100,189.7900,333735
337,337,2024-04-01 17:00:00,189.9700,189.9900,189.5000,189.8500,135
338,338,2024-04-01 16:00:00,189.8100,190.2500,189.0000,189.9500,1082706
339,339,2024-04-01 15:00:00,189.3100,189.9400,189.0500,189.8200,724702
340,340,2024-04-01 14:00:00,189.4100,189.4400,189.1400,189.3200,154874
341,341,2024-04-01 13:00:00,189.2450,189.4300,189.0700,189.4300,139132
342,342,2024-04-01 12:00:00,188.6150,189.4800,188.5200,189.2450,241005
343,343,2024-04-01 11:00:00,189.5550,189.6600,188.6100,188.6100,184868
344,344,2024-04-01 10:00:00,190.3100,190.3100,189.3900,189.5200,219117
345,345,2024-04-01 09:00:00,190.5200,191.4200,189.2500,190.3400,239825
346,346,2024-04-01 08:00:00,190.5900,193.0000,190.1600,190.6000,2537
347,347,2024-04-01 07:00:00,191.0000,191.2000,190.9600,190.9900,214
348,348,2024-04-01 06:00:00,191.1800,191.2500,191.0100,191.0100,9
349,349,2024-04-01 05:00:00,190.5900,191.1700,190.5900,190.9600,182
350,350,2024-04-01 04:00:00,190.9500,191.1800,190.4500,190.5500,245
351,351,2024-03-28 19:00:00,190.9600,190.9600,190.1600,190.4100,941445
352,352,2024-03-28 18:00:00,195.5900,195.5900,190.4100,191.0600,941456
353,353,2024-03-28 17:00:00,190.3900,191.2400,183.5500,190.4500,49044
354,354,2024-03-28 16:00:00,190.9000,191.2000,187.2400,187.2400,3298522
355,355,2024-03-28 15:00:00,190.8500,191.2700,190.7300,190.9000,771977
356,356,2024-03-28 14:00:00,191.0900,191.2450,190.6100,190.8300,222320
357,357,2024-03-28 13:00:00,191.0450,191.1800,190.9100,191.0800,200780
358,358,2024-03-28 12:00:00,190.9300,191.1100,190.3400,191.0900,256850
359,359,2024-03-28 11:00:00,191.0200,191.1300,190.4000,190.9600,275916
360,360,2024-03-28 10:00:00,191.4800,191.8800,191.0000,191.0200,282481
361,361,2024-03-28 09:00:00,190.8900,191.9300,190.3000,191.4800,207773
362,362,2024-03-28 08:00:00,190.4000,191.9000,190.3600,190.9600,2399
363,363,2024-03-28 07:00:00,190.2500,190.7200,190.2300,190.6900,437
364,364,2024-03-28 06:00:00,190.5300,190.5300,190.2300,190.2300,58
365,365,2024-03-28 05:00:00,190.1000,190.7400,190.1000,190.5300,108
366,366,2024-03-28 04:00:00,190.7900,190.7900,190.0300,190.1000,294
367,367,2024-03-27 19:00:00,190.8000,190.9900,190.4700,190.7900,780654
368,368,2024-03-27 18:00:00,190.8700,191.3600,190.4700,190.5000,782278
369,369,2024-03-27 17:00:00,190.8600,191.5000,190.4100,190.8600,396
370,370,2024-03-27 16:00:00,190.8350,191.5000,190.0000,191.0600,2753690
371,371,2024-03-27 15:00:00,189.7100,190.9600,189.7000,190.8350,822023
372,372,2024-03-27 14:00:00,188.9100,189.7300,188.8200,189.6900,306855
373,373,2024-03-27 13:00:00,188.9600,189.2850,188.8000,188.9000,184877
374,374,2024-03-27 12:00:00,189.1150,189.1800,188.6000,188.9500,296200
375,375,2024-03-27 11:00:00,189.2900,189.3100,188.6500,189.0950,221425
376,376,2024-03-27 10:00:00,189.2350,189.8600,189.0250,189.3000,318719
377,377,2024-03-27 09:00:00,189.3500,189.6800,188.8900,189.2650,281344
378,378,2024-03-27 08:00:00,189.1100,189.9800,185.0000,189.3500,1526
379,379,2024-03-27 07:00:00,189.5600,189.5600,189.1400,189.2000,572
380,380,2024-03-27 06:00:00,189.4400,189.4400,189.1100,189.4000,120
381,381,2024-03-27 05:00:00,189.0000,189.5700,188.9000,188.9900,443
382,382,2024-03-27 04:00:00,189.9500,190.4800,188.5100,188.5100,74
383,383,2024-03-26 19:00:00,188.5000,189.9500,188.5000,188.6200,1028701
384,384,2024-03-26 18:00:00,188.7100,190.1000,188.5000,189.0000,1028424
385,385,2024-03-26 17:00:00,188.7100,189.5500,188.7100,188.7200,217
386,386,2024-03-26 16:00:00,188.6800,190.1000,188.4000,189.4900,3535819
387,387,2024-03-26 15:00:00,189.2900,189.4900,188.5300,188.6800,811925
388,388,2024-03-26 14:00:00,189.3400,189.5900,189.2100,189.2950,286249
389,389,2024-03-26 13:00:00,189.4550,189.7500,189.3400,189.3500,244518
390,390,2024-03-26 12:00:00,189.8300,190.0000,189.3000,189.4550,370502
391,391,2024-03-26 11:00:00,189.6600,189.9800,189.1700,189.8300,269392
392,392,2024-03-26 10:00:00,188.9970,189.8450,188.8100,189.6600,433890
393,393,2024-03-26 09:00:00,189.1100,189.4600,188.6800,188.9600,269052
394,394,2024-03-26 08:00:00,189.1000,189.3600,188.7000,189.1100,2227
395,395,2024-03-26 07:00:00,189.2000,189.3200,189.0100,189.1200,978
396,396,2024-03-26 06:00:00,189.0000,189.2100,189.0000,189.2000,112
397,397,2024-03-26 05:00:00,188.7100,189.1700,188.6300,189.1700,366
398,398,2024-03-26 04:00:00,189.0000,189.0000,188.5100,188.7000,174
399,399,2024-03-25 19:00:00,188.7900,189.0000,188.7900,189.0000,515571
400,400,2024-03-25 18:00:00,188.8800,189.0000,188.7900,188.9900,515236
401,401,2024-03-25 17:00:00,189.0000,189.0000,188.6000,188.8800,4401
402,402,2024-03-25 16:00:00,188.7950,189.8800,188.5900,189.0000,1758807
403,403,2024-03-25 15:00:00,189.1400,189.2800,188.7500,188.7900,942629
404,404,2024-03-25 14:00:00,189.9210,189.9210,189.1300,189.1500,366539
405,405,2024-03-25 13:00:00,189.7800,190.2500,189.7600,189.9500,290286
406,406,2024-03-25 12:00:00,189.2250,189.9030,189.2000,189.7750,406275
407,407,2024-03-25 11:00:00,189.2700,189.6100,189.0100,189.2400,257649
408,408,2024-03-25 10:00:00,189.3550,189.9500,189.1300,189.2800,278634
409,409,2024-03-25 09:00:00,190.1500,190.8200,189.1000,189.4000,382523
410,410,2024-03-25 08:00:00,190.2600,191.9000,183.4200,190.1500,3561
411,411,2024-03-25 07:00:00,190.5700,190.6500,190.2500,190.4600,1222
412,412,2024-03-25 06:00:00,190.7800,190.7800,190.1100,190.1100,256
413,413,2024-03-25 05:00:00,190.8200,190.8200,190.5200,190.8200,42
414,414,2024-03-25 04:00:00,189.8000,190.8200,189.8000,190.5100,136
415,415,2024-03-22 19:00:00,190.8400,190.8400,190.6600,190.7900,705275
416,416,2024-03-22 18:00:00,190.7300,190.8400,190.6000,190.6600,704918
417,417,2024-03-22 17:00:00,190.7700,190.7900,190.6100,190.7000,348
418,418,2024-03-22 16:00:00,190.8150,190.8450,190.5000,190.6000,2564906
419,419,2024-03-22 15:00:00,191.4200,191.4500,190.5100,190.8450,861594
420,420,2024-03-22 14:00:00,191.7150,192.0000,191.2200,191.4300,320043
421,421,2024-03-22 13:00:00,192.3200,192.3400,191.4460,191.7100,261020
422,422,2024-03-22 12:00:00,192.7300,192.7650,191.6900,192.3200,279626
423,423,2024-03-22 11:00:00,192.5700,192.9850,192.5000,192.7300,348941
424,424,2024-03-22 10:00:00,192.1200,192.7120,191.9500,192.5450,445197
425,425,2024-03-22 09:00:00,191.8800,193.1100,191.5800,192.0600,251949
426,426,2024-03-22 08:00:00,192.0300,193.0000,191.0100,191.8000,3635
427,427,2024-03-22 07:00:00,192.0200,192.4900,191.7000,191.7000,853
428,428,2024-03-22 06:00:00,192.0200,192.0200,192.0200,192.0200,0
429,429,2024-03-22 05:00:00,192.0400,192.1500,191.9600,191.9600,13
430,430,2024-03-22 04:00:00,191.0900,192.0000,191.0900,192.0000,403
431,431,2024-03-21 19:00:00,191.9000,192.4900,191.9000,192.0200,1042145
432,432,2024-03-21 18:00:00,192.0000,192.5900,191.9000,192.3000,1042273
433,433,2024-03-21 17:00:00,192.3500,192.5800,191.9000,192.3500,2905
434,434,2024-03-21 16:00:00,191.8500,193.0000,187.4480,192.5900,3656590
435,435,2024-03-21 15:00:00,192.3100,193.0500,191.7900,191.9000,1150702
436,436,2024-03-21 14:00:00,192.3000,192.7000,192.1200,192.3000,351737
437,437,2024-03-21 13:00:00,192.8500,192.9700,191.8800,192.2800,360591
438,438,2024-03-21 12:00:00,193.1900,193.2200,192.3300,192.8250,332708
439,439,2024-03-21 11:00:00,192.8600,193.3700,192.2600,193.2240,451039
440,440,2024-03-21 10:00:00,191.9600,193.2600,191.5000,192.8400,722457
441,441,2024-03-21 09:00:00,192.7300,193.3700,190.0100,191.9510,938622
442,442,2024-03-21 08:00:00,193.8500,195.9100,192.1500,192.3100,25817
443,443,2024-03-21 07:00:00,193.2500,194.0000,192.8000,193.1800,7978
444,444,2024-03-21 06:00:00,194.7400,195.0000,193.1200,193.2500,6319
445,445,2024-03-21 05:00:00,194.8800,195.0100,194.6100,194.6100,241
446,446,2024-03-21 04:00:00,195.0000,195.0000,194.7700,194.8800,567
447,447,2024-03-20 19:00:00,193.9600,194.9200,193.9600,194.9200,509425
448,448,2024-03-20 18:00:00,194.5100,194.8920,193.9600,194.7500,509677
449,449,2024-03-20 17:00:00,194.9200,194.9200,193.9600,194.5000,933
450,450,2024-03-20 16:00:00,193.9500,195.0000,193.0000,194.9200,1712752
451,451,2024-03-20 15:00:00,193.1100,193.9800,192.9900,193.9700,975191
452,452,2024-03-20 14:00:00,192.0000,193.3100,191.7750,193.0800,375437
453,453,2024-03-20 13:00:00,192.4100,192.5260,191.9400,191.9500,186961
454,454,2024-03-20 12:00:00,191.7100,192.9240,191.6900,192.4100,310409
455,455,2024-03-20 11:00:00,191.7380,191.9600,191.3100,191.7000,235055
456,456,2024-03-20 10:00:00,192.2700,192.6200,191.7200,191.7200,233352
457,457,2024-03-20 09:00:00,193.2500,193.4500,192.2000,192.3050,174804
458,458,2024-03-20 08:00:00,193.5000,195.5900,193.1100,193.2500,877
459,459,2024-03-20 07:00:00,193.5000,193.5100,193.2000,193.2000,23
460,460,2024-03-20 06:00:00,193.1200,193.7500,193.0500,193.5600,94
461,461,2024-03-20 05:00:00,193.0100,193.6900,193.0100,193.3200,29
462,462,2024-03-20 04:00:00,193.5600,194.0000,192.3000,193.4500,76
463,463,2024-03-19 19:00:00,193.3400,193.4800,193.0200,193.0800,1655565
464,464,2024-03-19 18:00:00,193.0800,193.4800,193.0200,193.4800,1655719
465,465,2024-03-19 17:00:00,193.4500,195.5450,193.2000,193.2800,1022
466,466,2024-03-19 16:00:00,193.3400,193.5300,191.7910,193.4500,5705127
467,467,2024-03-19 15:00:00,192.4850,193.4600,192.1800,193.3400,863829
468,468,2024-03-19 14:00:00,192.9000,192.9600,192.4000,192.5100,262834
469,469,2024-03-19 13:00:00,192.8400,193.1100,192.4520,192.9100,209788
470,470,2024-03-19 12:00:00,192.4850,193.4600,192.3900,192.8300,259993
471,471,2024-03-19 11:00:00,191.5400,193.5800,191.4250,192.4850,491214
472,472,2024-03-19 10:00:00,190.6250,191.7200,190.3400,191.5750,449510
473,473,2024-03-19 09:00:00,191.2800,191.6000,190.2800,190.6050,299004
474,474,2024-03-19 08:00:00,191.5400,192.0230,190.5800,190.7900,5504
475,475,2024-03-19 07:00:00,191.6100,191.7400,191.0200,191.7400,1186
476,476,2024-03-19 06:00:00,191.6100,191.6100,191.5400,191.6100,49
477,477,2024-03-19 05:00:00,191.5400,191.7500,191.3500,191.3500,58
478,478,2024-03-19 04:00:00,191.4200,191.6500,189.4500,191.6500,326
479,479,2024-03-18 19:00:00,191.6900,191.9500,191.6900,191.7100,2330381
480,480,2024-03-18 18:00:00,191.9300,192.1500,191.6900,191.7100,2329765
481,481,2024-03-18 17:00:00,191.9700,192.1500,191.7100,191.9500,416
482,482,2024-03-18 16:00:00,191.7600,192.3000,191.6900,191.7500,7106301
483,483,2024-03-18 15:00:00,192.5800,193.2300,191.6800,191.7300,913762
484,484,2024-03-18 14:00:00,191.9800,192.6400,191.8200,192.5950,292916
485,485,2024-03-18 13:00:00,191.3260,192.0200,191.3270,191.9580,228590
486,486,2024-03-18 12:00:00,191.7300,191.8600,191.1920,191.3150,326514
487,487,2024-03-18 11:00:00,191.7300,192.0000,191.3200,191.7600,359404
488,488,2024-03-18 10:00:00,190.5400,191.7650,190.3600,191.7300,396962
489,489,2024-03-18 09:00:00,191.1100,192.1900,190.3200,190.5100,331468
490,490,2024-03-18 08:00:00,189.7900,192.5000,189.1890,191.1100,10037
491,491,2024-03-18 07:00:00,191.3000,191.6400,189.4800,190.3000,16376
492,492,2024-03-18 06:00:00,191.5000,191.6400,191.2300,191.6300,124
493,493,2024-03-18 05:00:00,191.4400,191.4400,191.1800,191.1800,28
494,494,2024-03-18 04:00:00,191.6600,192.5000,191.3100,191.3100,4
495,495,2024-03-15 19:00:00,191.0700,191.2800,191.0700,191.2500,4300500
496,496,2024-03-15 18:00:00,191.2800,191.2800,191.0700,191.2800,4300604
497,497,2024-03-15 17:00:00,191.2000,191.3000,191.0000,191.2800,3642
498,498,2024-03-15 16:00:00,191.0900,192.7300,190.0100,191.3000,13949730
499,499,2024-03-15 15:00:00,191.3200,191.5700,190.7000,191.0900,788187
500,500,2024-03-15 14:00:00,191.2950,191.5200,190.8900,191.3300,421393
501,501,2024-03-15 13:00:00,191.6900,191.8990,191.0400,191.2800,248163
502,502,2024-03-15 12:00:00,192.2000,192.2800,191.6400,191.7000,261891
503,503,2024-03-15 11:00:00,192.6800,192.8400,192.0000,192.2000,265070
504,504,2024-03-15 10:00:00,192.4100,193.0500,191.9140,192.6800,286643
505,505,2024-03-15 09:00:00,193.5000,193.9080,191.5900,192.4500,1072012
506,506,2024-03-15 08:00:00,193.6000,194.1000,193.1000,193.7900,1119
507,507,2024-03-15 07:00:00,193.9400,193.9400,193.4000,193.4000,288
508,508,2024-03-15 06:00:00,193.4900,193.9500,193.3000,193.9500,53
509,509,2024-03-15 05:00:00,193.0700,193.9500,193.0700,193.3000,16
510,510,2024-03-15 04:00:00,193.0500,194.1500,193.0000,193.2900,119
511,511,2024-03-14 19:00:00,193.4300,193.6000,192.9900,193.2900,591803
512,512,2024-03-14 18:00:00,193.6000,193.6000,193.2700,193.5000,590447
513,513,2024-03-14 17:00:00,193.3500,193.6000,193.2700,193.3000,731
514,514,2024-03-14 16:00:00,193.5100,196.9500,192.1030,193.5500,2010645
515,515,2024-03-14 15:00:00,193.6200,193.6250,192.1200,193.5100,1021968
516,516,2024-03-14 14:00:00,193.8300,194.0700,193.4400,193.6900,361330
517,517,2024-03-14 13:00:00,194.5000,194.5900,193.6750,193.8300,349004
518,518,2024-03-14 12:00:00,194.7000,194.9900,194.2100,194.5150,396105
519,519,2024-03-14 11:00:00,194.3250,194.9800,194.2600,194.6800,323956
520,520,2024-03-14 10:00:00,195.3810,195.6100,194.1100,194.3300,450978
521,521,2024-03-14 09:00:00,197.6900,197.7700,195.3200,195.3200,303258
522,522,2024-03-14 08:00:00,197.2800,197.9800,195.3200,197.7000,4427
523,523,2024-03-14 07:00:00,197.2000,197.9400,196.8800,197.5600,2035
524,524,2024-03-14 06:00:00,196.9800,197.8000,196.9800,197.7500,3216
525,525,2024-03-14 05:00:00,197.6400,197.6400,196.9000,197.1000,254
526,526,2024-03-14 04:00:00,196.8000,197.1000,196.5800,197.1000,240
527,527,2024-03-13 19:00:00,196.7000,196.9900,196.7000,196.9900,948040
528,528,2024-03-13 18:00:00,196.7000,196.8800,196.7000,196.8300,946706
529,529,2024-03-13 17:00:00,196.6900,196.8800,196.6600,196.7000,304
530,530,2024-03-13 16:00:00,196.7200,196.8900,195.6000,196.6600,2986131
531,531,2024-03-13 15:00:00,196.3100,196.7800,195.3200,196.7090,709673
532,532,2024-03-13 14:00:00,196.7700,196.8800,196.2900,196.3100,237996
533,533,2024-03-13 13:00:00,196.2200,196.9500,196.1700,196.7750,228848
534,534,2024-03-13 12:00:00,196.3600,196.7700,195.9000,196.1800,402093
535,535,2024-03-13 11:00:00,196.8000,197.3200,196.3200,196.3700,441340
536,536,2024-03-13 10:00:00,196.8800,197.4700,196.4500,196.7700,431650
537,537,2024-03-13 09:00:00,197.9900,198.4000,196.5600,196.9300,378646
538,538,2024-03-13 08:00:00,198.4200,199.5000,197.3130,197.7300,6742
539,539,2024-03-13 07:00:00,198.0800,198.3800,197.7000,198.3200,1062
540,540,2024-03-13 06:00:00,198.0800,198.3900,197.8400,198.3900,596
541,541,2024-03-13 05:00:00,198.1200,198.5100,198.0300,198.5100,180
542,542,2024-03-13 04:00:00,199.1800,199.4300,197.8600,198.1000,892
543,543,2024-03-12 19:00:00,197.7800,198.4230,197.7800,198.2500,542995
544,544,2024-03-12 18:00:00,198.0000,198.4500,197.7000,198.0700,542306
545,545,2024-03-12 17:00:00,198.0300,198.5800,192.1410,198.0100,1896
546,546,2024-03-12 16:00:00,197.8000,198.5900,195.5900,197.7800,1877889
547,547,2024-03-12 15:00:00,198.1100,198.6000,197.6600,197.7800,1111660
548,548,2024-03-12 14:00:00,197.1150,198.3000,197.0900,198.1000,433595
549,549,2024-03-12 13:00:00,196.8200,197.2800,196.0100,197.1100,381589
550,550,2024-03-12 12:00:00,198.7600,198.8000,196.3900,196.7900,476082
551,551,2024-03-12 11:00:00,197.7900,199.1800,197.6800,198.7600,1036014
552,552,2024-03-12 10:00:00,194.9200,197.8000,194.6150,197.8000,1050487
553,553,2024-03-12 09:00:00,192.7400,195.2200,192.0000,194.9200,494512
554,554,2024-03-12 08:00:00,192.9900,193.3400,191.7300,192.6000,8245
555,555,2024-03-12 07:00:00,192.8400,193.0200,192.5200,192.5400,2265
556,556,2024-03-12 06:00:00,192.6000,193.2900,192.2800,192.7800,1332
557,557,2024-03-12 05:00:00,192.6200,192.9500,192.4500,192.8000,476
558,558,2024-03-12 04:00:00,193.5000,193.8800,192.6000,192.8700,233
559,559,2024-03-11 19:00:00,191.7300,193.0000,191.7300,192.5000,419180
560,560,2024-03-11 18:00:00,192.0000,193.0000,191.7300,192.2800,420886
561,561,2024-03-11 17:00:00,192.3900,192.4700,192.0000,192.2000,663
562,562,2024-03-11 16:00:00,191.7300,192.3900,191.7000,192.3900,1460627
563,563,2024-03-11 15:00:00,191.1900,191.9700,190.9800,191.7400,1130395
564,564,2024-03-11 14:00:00,192.2400,192.3000,191.0600,191.1940,401236
565,565,2024-03-11 13:00:00,192.2200,192.3600,191.7900,192.2300,353493
566,566,2024-03-11 12:00:00,192.5800,192.9100,192.1700,192.2300,371028
567,567,2024-03-11 11:00:00,192.1900,192.5600,190.8800,192.5600,593977
568,568,2024-03-11 10:00:00,193.0300,193.5400,191.9000,192.1900,631398
569,569,2024-03-11 09:00:00,195.5000,195.6800,192.9300,193.0100,539368
570,570,2024-03-11 08:00:00,195.7000,199.7900,192.1800,195.2500,5750
571,571,2024-03-11 07:00:00,195.5600,195.7900,195.5500,195.5500,752
572,572,2024-03-11 06:00:00,195.3000,195.8400,195.3000,195.5500,1480
573,573,2024-03-11 05:00:00,195.6000,195.6900,195.0800,195.5900,1032
574,574,2024-03-11 04:00:00,195.9400,197.7900,194.7900,195.6000,368
575,575,2024-03-08 19:00:00,195.9500,196.2300,195.4700,195.4800,502450
576,576,2024-03-08 18:00:00,195.9900,196.1860,195.4200,195.6300,502453
577,577,2024-03-08 17:00:00,195.9500,196.5000,195.7500,195.7500,134
578,578,2024-03-08 16:00:00,195.9000,196.6800,195.3000,196.5000,1712333
579,579,2024-03-08 15:00:00,196.0200,196.3400,195.5100,195.9400,741797
580,580,2024-03-08 14:00:00,194.6300,196.2000,194.6150,196.0300,346150
581,581,2024-03-08 13:00:00,195.1300,195.5450,194.3800,194.6300,338320
582,582,2024-03-08 12:00:00,196.2950,196.2950,194.9700,195.1400,564694
583,583,2024-03-08 11:00:00,197.5400,197.5830,196.1800,196.3200,445385
584,584,2024-03-08 10:00:00,197.0000,197.7700,196.5350,197.5520,429143
585,585,2024-03-08 09:00:00,197.0300,197.5000,195.6200,196.9800,305604
586,586,2024-03-08 08:00:00,196.6580,197.4100,195.7000,197.2500,2822
587,587,2024-03-08 07:00:00,196.6000,196.7200,195.9900,196.0400,1631
588,588,2024-03-08 06:00:00,196.4100,196.7000,196.0500,196.1900,194
589,589,2024-03-08 05:00:00,197.0900,197.0900,196.1600,196.1600,93
590,590,2024-03-08 04:00:00,196.5500,196.9400,196.0800,196.5700,190
591,591,2024-03-07 19:00:00,196.5400,196.9500,196.3800,196.9000,552405
592,592,2024-03-07 18:00:00,196.5700,197.0000,196.0100,196.7700,552932
593,593,2024-03-07 17:00:00,196.4000,197.0000,196.3500,196.7700,5934
594,594,2024-03-07 16:00:00,196.5100,197.0000,193.6150,196.5200,1790579
595,595,2024-03-07 15:00:00,197.1050,197.1750,196.4900,196.5100,915218
596,596,2024-03-07 14:00:00,197.7800,198.1500,196.9700,197.1100,524998
597,597,2024-03-07 13:00:00,197.2900,197.8500,197.2800,197.7700,419095
598,598,2024-03-07 12:00:00,196.9000,197.3300,196.3000,197.3070,437791
599,599,2024-03-07 11:00:00,196.7400,196.9250,196.1600,196.9000,416828
600,600,2024-03-07 10:00:00,197.4000,197.4300,196.1400,196.7200,602276
601,601,2024-03-07 09:00:00,197.0200,198.7300,196.8500,197.4750,513553
602,602,2024-03-07 08:00:00,196.9700,197.7000,195.7300,196.6200,6682
603,603,2024-03-07 07:00:00,196.5500,197.1400,196.5500,196.9600,2166
604,604,2024-03-07 06:00:00,196.5500,196.8200,196.3500,196.7800,945
605,605,2024-03-07 05:00:00,196.3500,196.6600,196.3500,196.5000,1470
606,606,2024-03-07 04:00:00,196.1900,196.4900,196.0000,196.3600,1568
607,607,2024-03-06 19:00:00,196.1600,196.5000,196.0000,196.1900,609788
608,608,2024-03-06 18:00:00,197.2000,197.2000,196.1600,196.4900,612047
609,609,2024-03-06 17:00:00,197.1000,197.7500,196.1600,197.0500,2191
610,610,2024-03-06 16:00:00,196.1700,198.0000,195.8000,196.7800,2064985
611,611,2024-03-06 15:00:00,195.4200,196.7200,195.2900,196.1400,1019666
612,612,2024-03-06 14:00:00,197.5300,197.5300,195.2000,195.4500,601759
613,613,2024-03-06 13:00:00,197.8400,198.1300,197.2400,197.5600,639311
614,614,2024-03-06 12:00:00,197.2600,197.7900,196.7500,197.7900,518623
615,615,2024-03-06 11:00:00,195.8000,197.9500,195.7650,197.2800,1160767
616,616,2024-03-06 10:00:00,193.9200,196.2200,193.7450,195.8000,1466261
617,617,2024-03-06 09:00:00,193.1000,194.2100,192.9600,193.9200,577851
618,618,2024-03-06 08:00:00,192.0000,194.9100,191.9500,193.1000,5602
619,619,2024-03-06 07:00:00,192.0700,192.9200,192.0100,192.7000,952
620,620,2024-03-06 06:00:00,192.8000,192.8000,192.0000,192.0100,789
621,621,2024-03-06 05:00:00,192.7100,192.9900,192.5800,192.8000,457
622,622,2024-03-06 04:00:00,192.2200,192.9800,192.0000,192.9000,1089
623,623,2024-03-05 19:00:00,191.9500,192.2500,191.9500,191.9600,741997
624,624,2024-03-05 18:00:00,192.1000,192.2500,191.9500,192.0000,742796
625,625,2024-03-05 17:00:00,192.0200,192.2500,192.0000,192.2200,399
626,626,2024-03-05 16:00:00,191.9500,192.8200,191.0100,192.0100,2573530
627,627,2024-03-05 15:00:00,192.3200,192.4300,191.5200,191.9600,1015368
628,628,2024-03-05 14:00:00,192.4400,192.9600,192.0310,192.3450,431246
629,629,2024-03-05 13:00:00,193.3100,193.6400,192.4300,192.4400,427023
630,630,2024-03-05 12:00:00,192.7800,193.9400,192.5910,193.2900,568818
631,631,2024-03-05 11:00:00,192.2800,193.6000,192.1220,192.7300,774253
632,632,2024-03-05 10:00:00,191.7700,192.5000,191.5900,192.2700,807123
633,633,2024-03-05 09:00:00,192.1100,192.5000,190.5700,191.7550,442983
634,634,2024-03-05 08:00:00,192.3500,193.2000,191.4000,192.3100,4833
635,635,2024-03-05 07:00:00,192.2900,192.7500,192.1700,192.7500,1173
636,636,2024-03-05 06:00:00,192.2900,192.9200,192.1400,192.3400,752
637,637,2024-03-05 05:00:00,192.0100,192.7000,191.9000,192.2500,1644
638,638,2024-03-05 04:00:00,192.0000,193.0600,191.6600,192.0000,1470
639,639,2024-03-04 19:00:00,193.0600,193.0600,192.1000,193.0000,816040
640,640,2024-03-04 18:00:00,193.0000,193.0600,192.8300,192.9600,815725
641,641,2024-03-04 17:00:00,192.9300,193.0600,192.7500,193.0000,1548
642,642,2024-03-04 16:00:00,193.0900,193.3300,186.8650,192.9400,2560679
643,643,2024-03-04 15:00:00,193.3100,193.8980,192.7800,193.0900,1576116
644,644,2024-03-04 14:00:00,192.9700,193.5700,192.7100,193.3300,632602
645,645,2024-03-04 13:00:00,192.9900,193.3000,192.3400,192.9650,484520
646,646,2024-03-04 12:00:00,192.9500,193.6600,192.5800,192.9650,599191
647,647,2024-03-04 11:00:00,192.0750,193.4800,191.3770,192.9200,1283012
648,648,2024-03-04 10:00:00,191.6750,193.0700,191.1000,192.0800,1155723
649,649,2024-03-04 09:00:00,187.6500,192.2100,187.6000,191.7000,1147113
650,650,2024-03-04 08:00:00,188.7000,190.0000,187.6100,187.6500,8416
651,651,2024-03-04 07:00:00,188.7000,188.7100,188.3000,188.4500,1379
652,652,2024-03-04 06:00:00,188.5200,188.7800,188.2800,188.7000,638
653,653,2024-03-04 05:00:00,188.7400,188.7400,188.3400,188.3600,268
654,654,2024-03-04 04:00:00,189.0000,189.0000,187.8400,188.7000,1155
655,655,2024-03-01 19:00:00,188.2000,188.3000,188.0000,188.2000,509357
656,656,2024-03-01 18:00:00,188.2000,188.2900,188.0000,188.0500,509088
657,657,2024-03-01 17:00:00,188.0000,188.2900,188.0000,188.0600,968
658,658,2024-03-01 16:00:00,188.1700,188.5000,187.7580,188.0000,1619352
659,659,2024-03-01 15:00:00,187.5800,188.3800,187.3000,188.1700,1047097
660,660,2024-03-01 14:00:00,187.2900,187.6600,187.1800,187.5900,346884
661,661,2024-03-01 13:00:00,187.0800,187.3300,186.9700,187.2800,317602
662,662,2024-03-01 12:00:00,186.9500,187.4570,186.7300,187.0320,383801
663,663,2024-03-01 11:00:00,186.8800,187.2000,186.7100,186.9300,495433
664,664,2024-03-01 10:00:00,185.6800,186.9600,185.5200,186.8600,434159
665,665,2024-03-01 09:00:00,185.1800,186.0000,184.2700,185.6000,327354
666,666,2024-03-01 08:00:00,184.9900,186.0000,183.6000,185.2200,1504
667,667,2024-03-01 07:00:00,185.0300,185.2100,184.8500,184.8600,922
668,668,2024-03-01 06:00:00,185.1800,185.4100,185.0000,185.0000,151
669,669,2024-03-01 05:00:00,185.3900,185.3900,184.9000,185.0000,72
670,670,2024-03-01 04:00:00,185.4600,185.4700,185.0600,185.1100,91
671,671,2024-02-29 19:00:00,185.0300,185.3400,184.9000,185.2000,2979991
672,672,2024-02-29 18:00:00,185.3000,185.4400,185.0000,185.0000,2980828
673,673,2024-02-29 17:00:00,185.2800,185.4400,184.9000,185.3000,14713
674,674,2024-02-29 16:00:00,184.8750,186.1600,184.7500,185.1000,9545248
675,675,2024-02-29 15:00:00,184.9700,185.3600,184.7600,184.8750,926401
676,676,2024-02-29 14:00:00,184.9000,185.2800,184.7600,184.9600,361129
677,677,2024-02-29 13:00:00,185.2700,185.3900,184.6900,184.8700,274914
678,678,2024-02-29 12:00:00,185.1900,185.3900,184.8010,185.2700,269209
679,679,2024-02-29 11:00:00,186.3000,186.3350,185.0450,185.2020,356987
680,680,2024-02-29 10:00:00,185.9000,186.7600,185.4900,186.3300,381535
681,681,2024-02-29 09:00:00,185.9000,186.8500,185.5100,185.8300,278860
682,682,2024-02-29 08:00:00,185.3000,187.6200,185.0000,185.9000,4483
683,683,2024-02-29 07:00:00,185.2800,185.2900,185.0800,185.2300,221
684,684,2024-02-29 06:00:00,185.2900,185.2900,185.0000,185.0100,233
685,685,2024-02-29 05:00:00,185.4100,185.4200,185.1000,185.2900,2428
686,686,2024-02-29 04:00:00,185.6200,185.6200,185.2000,185.4000,226
687,687,2024-02-28 19:00:00,185.3000,185.3000,185.0400,185.3000,465529
688,688,2024-02-28 18:00:00,185.0000,185.3000,184.7500,185.3000,466658
689,689,2024-02-28 17:00:00,184.7400,185.2500,184.5000,185.0000,495
690,690,2024-02-28 16:00:00,185.3200,185.3200,184.2100,184.7300,1488983
691,691,2024-02-28 15:00:00,185.1000,185.3700,184.5900,185.3200,678920
692,692,2024-02-28 14:00:00,184.9100,185.1300,184.4300,185.0900,328297
693,693,2024-02-28 13:00:00,184.4700,184.9100,184.1100,184.9000,249139
694,694,2024-02-28 12:00:00,183.8700,184.9000,183.7500,184.4500,353939
695,695,2024-02-28 11:00:00,184.0600,184.1600,183.8000,183.8650,438815
696,696,2024-02-28 10:00:00,183.7600,184.3700,183.5800,184.0350,371441
697,697,2024-02-28 09:00:00,184.9000,185.2130,183.5500,183.7600,227889
698,698,2024-02-28 08:00:00,185.0900,185.5000,184.2700,184.9500,3246
699,699,2024-02-28 07:00:00,184.7700,185.5100,184.7700,185.0100,1159
700,700,2024-02-28 06:00:00,184.8200,185.4900,184.7000,185.0700,1298
701,701,2024-02-28 05:00:00,184.5300,184.9400,184.3700,184.6000,2126
702,702,2024-02-28 04:00:00,184.7000,185.3900,184.2700,184.5500,411
703,703,2024-02-27 19:00:00,184.8700,185.0900,184.6000,185.0900,553860
704,704,2024-02-27 18:00:00,185.0000,185.1000,184.8700,185.0900,553627
705,705,2024-02-27 17:00:00,185.0000,185.0000,183.0700,185.0000,12181
706,706,2024-02-27 16:00:00,184.8600,185.8200,183.5000,185.0000,1754006
707,707,2024-02-27 15:00:00,182.9250,185.1300,182.8500,184.8600,1206992
708,708,2024-02-27 14:00:00,183.0650,183.1200,182.6200,182.9100,353517
709,709,2024-02-27 13:00:00,182.9600,183.4100,182.8000,183.0450,243858
710,710,2024-02-27 12:00:00,183.1500,183.1550,182.6800,182.9240,238096
711,711,2024-02-27 11:00:00,183.5000,183.7500,183.0500,183.1140,291692
712,712,2024-02-27 10:00:00,184.3500,184.4000,183.4100,183.4600,376362
713,713,2024-02-27 09:00:00,184.3900,184.8200,184.0000,184.3600,264727
714,714,2024-02-27 08:00:00,184.8000,185.8000,184.1120,184.5700,1757
715,715,2024-02-27 07:00:00,184.3600,184.9500,184.1400,184.6900,2089
716,716,2024-02-27 06:00:00,184.3600,184.6000,184.2300,184.3600,1109
717,717,2024-02-27 05:00:00,185.1700,185.3600,184.3500,184.3600,932
718,718,2024-02-27 04:00:00,184.2100,185.1700,184.1700,185.0500,979
719,719,2024-02-26 19:00:00,184.1300,184.2000,184.0000,184.0000,1074303
720,720,2024-02-26 18:00:00,184.1000,184.2000,184.0000,184.1500,1074198
721,721,2024-02-26 17:00:00,184.1300,184.4000,184.0000,184.0000,220
722,722,2024-02-26 16:00:00,184.1000,184.8900,184.0000,184.0000,4059340
723,723,2024-02-26 15:00:00,185.4700,185.5200,184.0600,184.1000,849324
724,724,2024-02-26 14:00:00,185.6400,185.8600,185.4800,185.4800,328755
725,725,2024-02-26 13:00:00,185.2200,185.7300,185.1100,185.6300,296516
726,726,2024-02-26 12:00:00,184.9400,185.3000,184.7200,185.2300,276557
727,727,2024-02-26 11:00:00,184.8900,185.2200,184.5300,184.9500,311248
728,728,2024-02-26 10:00:00,185.0450,185.1400,184.3200,184.8500,338883
729,729,2024-02-26 09:00:00,185.8400,186.1250,184.5200,184.9100,305318
730,730,2024-02-26 08:00:00,186.0000,186.0000,185.1500,185.6000,3400
731,731,2024-02-26 07:00:00,185.7900,186.0000,185.6100,185.7500,377
732,732,2024-02-26 06:00:00,185.9200,186.3000,185.7800,186.0100,278
733,733,2024-02-26 05:00:00,185.7900,186.0500,185.3600,185.8000,134
734,734,2024-02-26 04:00:00,185.6600,185.7900,185.1500,185.7200,425
735,735,2024-02-23 19:00:00,185.7200,185.7200,185.3200,185.6000,496058
736,736,2024-02-23 18:00:00,185.6800,185.7200,185.3100,185.6900,496379
737,737,2024-02-23 17:00:00,185.6900,185.7000,185.5600,185.5600,385
738,738,2024-02-23 16:00:00,185.7000,185.7200,185.0100,185.7000,1613601
739,739,2024-02-23 15:00:00,186.1330,186.3700,185.6850,185.7000,756389
740,740,2024-02-23 14:00:00,185.8680,186.1900,185.8400,186.1350,316971
741,741,2024-02-23 13:00:00,186.1150,186.1450,185.7180,185.8700,211152
742,742,2024-02-23 12:00:00,185.7900,186.2600,185.7000,186.0900,238621
743,743,2024-02-23 11:00:00,185.8850,185.9800,185.3210,185.8000,288790
744,744,2024-02-23 10:00:00,185.4600,186.4550,185.3800,185.8800,612189
745,745,2024-02-23 09:00:00,184.2500,185.7900,184.0100,185.4100,383028
746,746,2024-02-23 08:00:00,184.0200,184.8000,183.9600,184.4800,2287
747,747,2024-02-23 07:00:00,184.1300,184.4900,184.0200,184.4900,963
748,748,2024-02-23 06:00:00,184.1000,184.1500,184.0100,184.0100,150
749,749,2024-02-23 05:00:00,184.0400,184.2000,184.0400,184.1500,10
750,750,2024-02-23 04:00:00,184.2000,184.2200,184.0200,184.0600,369
751,751,2024-02-22 19:00:00,184.2100,184.5000,183.9000,184.0100,807973
752,752,2024-02-22 18:00:00,184.0000,184.5000,183.8400,184.2800,808443
753,753,2024-02-22 17:00:00,184.1000,184.2100,183.8400,184.0000,179
754,754,2024-02-22 16:00:00,184.2400,184.7500,182.5400,184.0900,2641885
755,755,2024-02-22 15:00:00,183.8200,184.5500,183.7910,184.2400,953040
756,756,2024-02-22 14:00:00,184.0000,184.1800,183.7400,183.8400,466553
757,757,2024-02-22 13:00:00,183.4200,184.1000,183.3100,184.0200,331118
758,758,2024-02-22 12:00:00,182.0700,183.5200,181.9600,183.4250,375815
759,759,2024-02-22 11:00:00,182.6300,183.0100,181.9500,182.0700,534656
760,760,2024-02-22 10:00:00,183.0550,183.4800,181.9300,182.5700,569557
761,761,2024-02-22 09:00:00,181.2700,184.0300,181.1700,183.0450,797054
762,762,2024-02-22 08:00:00,182.2550,182.2600,179.7000,181.3500,13535
763,763,2024-02-22 07:00:00,182.0700,182.1800,181.2500,181.2600,6763
764,764,2024-02-22 06:00:00,181.7400,182.1900,181.5600,182.0300,523
765,765,2024-02-22 05:00:00,181.6200,182.1900,181.2000,182.0000,836
766,766,2024-02-22 04:00:00,181.6500,182.1100,181.2000,181.5000,1286
767,767,2024-02-21 19:00:00,179.7000,181.6000,179.7000,181.3500,586393
768,768,2024-02-21 18:00:00,180.9000,181.0000,179.7000,180.8500,585982
769,769,2024-02-21 17:00:00,181.4000,181.4000,180.6150,180.7000,6472
770,770,2024-02-21 16:00:00,179.7500,182.0000,179.5000,180.5000,1888439
771,771,2024-02-21 15:00:00,179.3000,179.7900,178.7500,179.7500,1178199
772,772,2024-02-21 14:00:00,180.4100,180.4400,179.1300,179.3100,754826
773,773,2024-02-21 13:00:00,181.0700,181.1500,180.3400,180.4470,370438
774,774,2024-02-21 12:00:00,181.2850,181.3900,180.6700,181.0600,362383
775,775,2024-02-21 11:00:00,181.4600,181.8800,180.9300,181.2790,530916
776,776,2024-02-21 10:00:00,182.1800,182.2300,181.0600,181.4800,452710
777,777,2024-02-21 09:00:00,183.4300,183.4600,181.7300,182.1800,339611
778,778,2024-02-21 08:00:00,183.3500,183.9000,182.7000,183.0200,5806
779,779,2024-02-21 07:00:00,183.5700,183.5800,183.2000,183.4500,695
780,780,2024-02-21 06:00:00,183.6100,183.6100,183.1200,183.1400,98
781,781,2024-02-21 05:00:00,183.1200,183.6400,183.1200,183.1800,28
782,782,2024-02-21 04:00:00,183.8700,183.8700,183.0800,183.0800,229
783,783,2024-02-20 19:00:00,183.4400,183.5900,183.2500,183.4600,599526
784,784,2024-02-20 18:00:00,183.3500,183.6000,183.2480,183.4600,600082
785,785,2024-02-20 17:00:00,183.5000,183.6000,183.0000,183.5600,1030
786,786,2024-02-20 16:00:00,183.4700,184.6600,183.0000,183.4500,2036194
787,787,2024-02-20 15:00:00,183.8400,183.9600,183.0600,183.4500,921981
788,788,2024-02-20 14:00:00,184.0900,184.1500,183.6500,183.8300,332520
789,789,2024-02-20 13:00:00,184.4900,184.6000,183.8600,184.0800,290156
790,790,2024-02-20 12:00:00,184.4300,184.5300,184.0500,184.4800,280330
791,791,2024-02-20 11:00:00,185.2050,185.6400,184.3700,184.4400,393039
792,792,2024-02-20 10:00:00,187.0530,187.1100,185.1200,185.2000,533962
793,793,2024-02-20 09:00:00,187.5400,188.7700,186.7600,187.0150,645781
794,794,2024-02-20 08:00:00,187.5000,190.0000,186.5000,187.8000,4730
795,795,2024-02-20 07:00:00,187.6400,187.8200,187.2200,187.6500,1723
796,796,2024-02-20 06:00:00,187.2000,187.7700,187.0800,187.6800,153
797,797,2024-02-20 05:00:00,187.5800,187.6300,187.0300,187.1100,102
798,798,2024-02-20 04:00:00,187.7200,188.6100,185.8500,187.5800,1200
799,799,2024-02-16 19:00:00,187.6400,187.6400,187.2300,187.6400,898304
800,800,2024-02-16 18:00:00,187.2500,187.6400,187.2200,187.5800,897799
801,801,2024-02-16 17:00:00,187.5900,187.6400,187.1700,187.6000,229
802,802,2024-02-16 16:00:00,187.6700,187.7600,187.1700,187.1700,3380855
803,803,2024-02-16 15:00:00,187.5000,187.8400,187.2200,187.6700,855211
804,804,2024-02-16 14:00:00,187.9960,188.1260,187.0600,187.4900,384262
805,805,2024-02-16 13:00:00,188.3300,188.3300,187.5300,187.9650,300769
806,806,2024-02-16 12:00:00,188.0600,188.9500,188.0300,188.3110,446686
807,807,2024-02-16 11:00:00,187.7900,188.2400,187.7200,188.0700,303712
808,808,2024-02-16 10:00:00,186.7000,188.1600,186.4350,187.7800,610360
809,809,2024-02-16 09:00:00,186.8500,187.1000,185.9450,186.6500,346767
810,810,2024-02-16 08:00:00,187.0900,188.2000,186.4900,186.8500,5341
811,811,2024-02-16 07:00:00,187.0000,187.0900,186.8900,187.0400,1056
812,812,2024-02-16 06:00:00,187.4300,187.5500,186.9100,187.0100,1215
813,813,2024-02-16 05:00:00,186.9800,187.2800,186.6100,187.2800,803
814,814,2024-02-16 04:00:00,188.4900,188.4900,186.6600,187.0000,85
815,815,2024-02-15 19:00:00,186.8700,187.0000,186.6000,187.0000,906412
816,816,2024-02-15 18:00:00,186.8700,186.9900,186.6000,186.9900,907003
817,817,2024-02-15 17:00:00,186.8700,187.0000,186.0000,186.8720,1170
818,818,2024-02-15 16:00:00,186.8700,187.0000,185.7600,186.8700,2970428
819,819,2024-02-15 15:00:00,186.0900,186.9800,185.9600,186.8450,1167476
820,820,2024-02-15 14:00:00,185.3000,186.1800,185.0700,186.0800,361021
821,821,2024-02-15 13:00:00,185.4600,185.9700,185.1700,185.3200,330282
822,822,2024-02-15 12:00:00,184.9850,185.8200,184.8900,185.4700,360163
823,823,2024-02-15 11:00:00,184.9200,185.2000,184.3700,184.9850,434084
824,824,2024-02-15 10:00:00,184.9800,185.9500,184.9150,184.9200,553512
825,825,2024-02-15 09:00:00,183.6000,185.3200,183.3700,184.9000,343647
826,826,2024-02-15 08:00:00,183.4500,183.9000,182.6700,183.7800,1765
827,827,2024-02-15 07:00:00,183.5100,183.8100,183.0400,183.6500,663
828,828,2024-02-15 06:00:00,183.6400,183.6400,183.0100,183.0100,155
829,829,2024-02-15 05:00:00,183.9000,183.9000,183.3000,183.4500,60
830,830,2024-02-15 04:00:00,185.0000,185.0000,183.5000,183.5000,224
831,831,2024-02-14 19:00:00,183.5700,183.7400,183.5000,183.6300,485088
832,832,2024-02-14 18:00:00,183.6100,183.7700,183.2300,183.7460,485338
833,833,2024-02-14 17:00:00,183.7400,183.7700,183.6000,183.6500,217
834,834,2024-02-14 16:00:00,183.5600,184.0000,182.2890,183.7500,1631948
835,835,2024-02-14 15:00:00,182.6800,183.7500,182.5400,183.5200,690256
836,836,2024-02-14 14:00:00,183.1300,183.1300,182.5000,182.6600,278224
837,837,2024-02-14 13:00:00,183.2100,183.5150,182.9800,183.1500,247403
838,838,2024-02-14 12:00:00,182.4350,183.2200,182.2600,183.2000,328936
839,839,2024-02-14 11:00:00,183.4550,183.6600,182.4300,182.4450,382725
840,840,2024-02-14 10:00:00,183.9450,184.0000,183.2100,183.4600,323964
841,841,2024-02-14 09:00:00,184.2000,185.0000,183.5000,183.8650,258387
842,842,2024-02-14 08:00:00,184.4100,186.5500,183.5800,184.2000,1652
843,843,2024-02-14 07:00:00,184.3900,184.5200,184.2200,184.2200,926
844,844,2024-02-14 06:00:00,184.4000,184.5000,184.0600,184.1500,59
845,845,2024-02-14 05:00:00,184.2500,184.4900,184.1300,184.4000,158
846,846,2024-02-14 04:00:00,184.1200,184.7000,184.1200,184.5000,140
847,847,2024-02-13 19:00:00,183.7000,184.2000,183.4100,183.9500,888489
848,848,2024-02-13 18:00:00,184.2000,184.2000,183.7000,183.7000,888114
849,849,2024-02-13 17:00:00,183.7000,184.8400,182.4800,184.2000,165
850,850,2024-02-13 16:00:00,183.7100,184.9000,182.4800,183.0000,2841459
851,851,2024-02-13 15:00:00,182.9500,183.8200,182.8440,183.7200,824997
852,852,2024-02-13 14:00:00,183.6250,183.6800,182.8300,182.9300,279351
853,853,2024-02-13 13:00:00,183.8600,184.1300,183.5600,183.6200,219127
854,854,2024-02-13 12:00:00,184.1300,184.2700,183.6080,183.8400,301340
855,855,2024-02-13 11:00:00,184.1300,184.4200,183.8600,184.1400,415929
856,856,2024-02-13 10:00:00,183.3310,184.2050,183.0200,184.1050,714540
857,857,2024-02-13 09:00:00,184.0600,186.1600,182.3600,183.3000,456881
858,858,2024-02-13 08:00:00,185.4500,186.5000,183.9000,184.0500,9011
859,859,2024-02-13 07:00:00,185.7800,185.7800,185.0200,185.2700,1220
860,860,2024-02-13 06:00:00,185.6900,185.9100,185.3000,185.5900,693
861,861,2024-02-13 05:00:00,185.6600,185.8300,185.4700,185.4700,224
862,862,2024-02-13 04:00:00,186.2100,186.2100,185.4700,185.4700,216
863,863,2024-02-12 19:00:00,186.1600,186.1600,185.6800,185.9800,832157
864,864,2024-02-12 18:00:00,185.7800,186.1600,185.6200,185.6800,832669
865,865,2024-02-12 17:00:00,186.0000,186.1600,185.7200,185.7300,18258
866,866,2024-02-12 16:00:00,186.1600,186.2000,184.5800,186.1000,2809175
867,867,2024-02-12 15:00:00,185.9900,186.4800,185.6750,186.1600,756542
868,868,2024-02-12 14:00:00,185.8800,186.2700,185.6100,186.0000,629142
869,869,2024-02-12 13:00:00,185.6500,185.9400,185.4300,185.9100,386581
870,870,2024-02-12 12:00:00,185.6300,185.9500,185.3200,185.6200,376732
871,871,2024-02-12 11:00:00,185.8700,186.0500,185.4700,185.6600,366721
872,872,2024-02-12 10:00:00,185.2300,185.9000,184.4400,185.8350,513117
873,873,2024-02-12 09:00:00,185.9000,186.2700,184.0300,185.1950,523882
874,874,2024-02-12 08:00:00,186.4000,186.7000,185.7070,186.1000,3407
875,875,2024-02-12 07:00:00,186.3800,186.4600,186.1900,186.4000,541
876,876,2024-02-12 06:00:00,186.6900,186.8000,186.3600,186.3600,729
877,877,2024-02-12 05:00:00,186.2300,186.8700,186.1400,186.6900,355
878,878,2024-02-12 04:00:00,186.6600,186.6600,186.0300,186.0300,422
879,879,2024-02-09 19:00:00,186.3400,186.4800,185.9900,186.0000,687697
880,880,2024-02-09 18:00:00,186.4100,186.5200,186.2000,186.2000,682942
881,881,2024-02-09 17:00:00,186.2400,186.5500,186.0600,186.5500,722
882,882,2024-02-09 16:00:00,186.3500,186.5500,185.5000,186.0500,2174679
883,883,2024-02-09 15:00:00,186.6800,186.8000,185.9800,186.3200,1018313
884,884,2024-02-09 14:00:00,186.6400,186.9200,186.4500,186.6700,481186
885,885,2024-02-09 13:00:00,185.9300,187.1800,185.8400,186.6330,574834
886,886,2024-02-09 12:00:00,185.6600,186.1500,185.6250,185.9300,329896
887,887,2024-02-09 11:00:00,186.5000,186.6600,185.6400,185.6800,451074
888,888,2024-02-09 10:00:00,186.1500,186.7000,185.5200,186.5000,746446
889,889,2024-02-09 09:00:00,184.8000,186.1700,183.8500,186.1570,637973
890,890,2024-02-09 08:00:00,184.8000,185.1000,184.3600,184.8500,2980
891,891,2024-02-09 07:00:00,184.7000,185.1800,184.5800,184.8500,5109
892,892,2024-02-09 06:00:00,184.7000,184.9000,184.0500,184.3700,1198
893,893,2024-02-09 05:00:00,184.6000,184.7300,184.5000,184.7000,248
894,894,2024-02-09 04:00:00,188.2000,188.2000,184.1200,184.5000,264
895,895,2024-02-08 19:00:00,184.3600,184.5500,184.1100,184.5500,816786
896,896,2024-02-08 18:00:00,184.2800,184.5000,184.0000,184.0000,815918
897,897,2024-02-08 17:00:00,184.3000,184.5500,184.0000,184.2700,567
898,898,2024-02-08 16:00:00,184.3900,184.5600,183.7400,184.5300,2812508
899,899,2024-02-08 15:00:00,184.0300,184.5500,183.9100,184.3900,1130339
900,900,2024-02-08 14:00:00,183.7700,184.1590,183.5100,184.0200,498437
901,901,2024-02-08 13:00:00,182.9400,183.8900,182.8200,183.7600,413580
902,902,2024-02-08 12:00:00,182.7000,183.0000,182.3700,182.9400,277838
903,903,2024-02-08 11:00:00,183.0000,183.2400,182.5400,182.7000,437197
904,904,2024-02-08 10:00:00,181.8900,183.3400,181.4900,182.9500,729629
905,905,2024-02-08 09:00:00,182.1800,183.2050,181.7600,181.7800,479203
906,906,2024-02-08 08:00:00,181.8900,186.0000,181.5900,182.2500,3858
907,907,2024-02-08 07:00:00,181.8400,182.4900,181.4100,182.3700,4758
908,908,2024-02-08 06:00:00,181.8900,181.8900,181.8400,181.8400,95
909,909,2024-02-08 05:00:00,182.3000,182.3300,181.8000,181.8900,448
910,910,2024-02-08 04:00:00,183.6000,183.6000,182.2000,182.3000,73
911,911,2024-02-07 19:00:00,182.0940,182.2520,182.0410,182.0920,930663
912,912,2024-02-07 18:00:00,182.2520,182.2520,182.0410,182.0420,928971
913,913,2024-02-07 17:00:00,182.0740,182.3510,182.0410,182.2410,645
914,914,2024-02-07 16:00:00,182.0540,182.7480,181.6750,182.0420,3092427
915,915,2024-02-07 15:00:00,181.6970,182.1430,181.3680,182.0920,870810
916,916,2024-02-07 14:00:00,181.8860,182.1130,181.4970,181.6760,332845
917,917,2024-02-07 13:00:00,182.0840,182.3710,181.6150,181.8940,351559
918,918,2024-02-07 12:00:00,181.5490,182.3120,181.5260,182.0720,431191
919,919,2024-02-07 11:00:00,181.4630,181.5980,181.0410,181.5120,663838
920,920,2024-02-07 10:00:00,181.4990,181.7570,181.0600,181.4660,623861
921,921,2024-02-07 09:00:00,182.2720,182.3220,180.9760,181.5070,320783
922,922,2024-02-07 08:00:00,182.3220,182.5790,181.7540,182.2700,3349
923,923,2024-02-07 07:00:00,182.2220,182.3410,181.9820,181.9830,1305
924,924,2024-02-07 06:00:00,182.6680,182.6680,181.9920,182.2210,192
925,925,2024-02-07 05:00:00,182.3020,183.2930,182.1900,182.6570,2890
926,926,2024-02-07 04:00:00,183.3420,183.3420,181.8230,182.3000,233
927,927,2024-02-06 19:00:00,181.7670,182.0540,181.5460,182.0320,403443
928,928,2024-02-06 18:00:00,181.7670,182.3510,181.5460,182.0420,404699
929,929,2024-02-06 17:00:00,181.7670,181.8060,181.4120,181.7950,502
930,930,2024-02-06 16:00:00,181.7860,181.8560,181.3970,181.7550,1340253
931,931,2024-02-06 15:00:00,181.6180,181.9750,181.4770,181.7750,629805
932,932,2024-02-06 14:00:00,182.3610,182.4210,181.5860,181.6010,276693
933,933,2024-02-06 13:00:00,182.5690,182.8370,181.8040,182.3350,330043
934,934,2024-02-06 12:00:00,181.6870,182.6290,181.5600,182.5480,424292
935,935,2024-02-06 11:00:00,182.2820,182.4650,181.3870,181.6760,406865
936,936,2024-02-06 10:00:00,182.1260,182.7180,181.7590,182.2700,416283
937,937,2024-02-06 09:00:00,182.3510,183.0250,181.5560,182.1220,305213
938,938,2024-02-06 08:00:00,182.0040,183.7680,181.7240,182.5380,7708
939,939,2024-02-06 07:00:00,182.0540,182.2520,181.9620,181.9630,3370
940,940,2024-02-06 06:00:00,182.0240,182.3310,181.9620,182.0030,489
941,941,2024-02-06 05:00:00,182.0040,182.2130,181.9520,181.9630,456
942,942,2024-02-06 04:00:00,181.7760,182.3310,181.7640,181.9930,248
943,943,2024-02-05 19:00:00,181.7760,181.9350,181.6050,181.8440,646136
944,944,2024-02-05 18:00:00,181.8560,181.9550,181.6750,181.9230,647066
945,945,2024-02-05 17:00:00,181.9750,181.9750,181.7440,181.7950,621
946,946,2024-02-05 16:00:00,181.8060,182.5340,181.5560,181.9610,2090134
947,947,2024-02-05 15:00:00,182.7970,182.8370,181.6000,181.7950,1005320
948,948,2024-02-05 14:00:00,182.1230,182.7970,182.0710,182.7660,436295
949,949,2024-02-05 13:00:00,182.0740,182.2420,181.9230,182.1120,393491
950,950,2024-02-05 12:00:00,181.9650,182.3610,181.7440,182.0720,356575
951,951,2024-02-05 11:00:00,182.3120,182.6490,181.8430,181.9630,386227
952,952,2024-02-05 10:00:00,183.2880,183.3230,181.8140,182.2800,621792
953,953,2024-02-05 09:00:00,183.8970,184.1150,182.8290,183.3310,369938
954,954,2024-02-05 08:00:00,184.1250,186.4740,183.0230,183.7960,4189
955,955,2024-02-05 07:00:00,184.0060,184.3330,183.8350,184.1330,2032
956,956,2024-02-05 06:00:00,183.9470,184.0960,183.8450,183.9350,25
957,957,2024-02-05 05:00:00,183.6790,184.0960,183.6670,184.0840,75
958,958,2024-02-05 04:00:00,184.1050,184.1150,183.8150,183.8160,339
959,959,2024-02-02 19:00:00,184.1250,184.1250,183.8350,184.0140,707932
960,960,2024-02-02 18:00:00,183.9370,184.1250,183.9240,184.1130,707383
961,961,2024-02-02 17:00:00,184.0360,184.2340,183.7360,184.2220,412
962,962,2024-02-02 16:00:00,184.1150,184.9080,145.2960,184.1040,2347959
963,963,2024-02-02 15:00:00,185.4040,185.4630,184.0930,184.1040,793848
964,964,2024-02-02 14:00:00,185.2250,185.4830,184.9850,185.4120,284192
965,965,2024-02-02 13:00:00,184.7200,185.2460,184.5090,185.1790,278014
966,966,2024-02-02 12:00:00,184.2940,184.7200,183.9390,184.5990,291204
967,967,2024-02-02 11:00:00,185.3340,185.3340,184.3010,184.3020,425824
968,968,2024-02-02 10:00:00,184.7890,185.7110,184.0180,185.3620,598716
969,969,2024-02-02 09:00:00,185.3240,185.5420,184.3210,184.6690,434644
970,970,2024-02-02 08:00:00,185.4530,186.5100,185.2130,185.3130,8879
971,971,2024-02-02 07:00:00,185.7800,186.1570,185.3120,186.0560,4007
972,972,2024-02-02 06:00:00,185.6420,185.6420,185.4310,185.6100,68
973,973,2024-02-02 05:00:00,185.7510,185.7510,185.4700,185.6300,126
974,974,2024-02-02 04:00:00,185.6020,185.8600,185.3310,185.8480,382
975,975,2024-02-01 19:00:00,185.2250,185.8600,185.2130,185.8080,593453
976,976,2024-02-01 18:00:00,185.3540,185.8200,185.2130,185.5600,592822
977,977,2024-02-01 17:00:00,185.5720,185.7110,160.4130,185.3620,6281
978,978,2024-02-01 16:00:00,185.2500,185.8990,184.8260,185.3920,2033915
979,979,2024-02-01 15:00:00,185.2350,185.8300,185.1230,185.2530,1094405
980,980,2024-02-01 14:00:00,184.9380,185.2850,184.8310,185.2180,416010
981,981,2024-02-01 13:00:00,184.7790,184.9780,184.3400,184.9060,347995
982,982,2024-02-01 12:00:00,183.9170,185.0070,183.8950,184.7480,427054
983,983,2024-02-01 11:00:00,183.1640,184.0160,182.8540,183.9400,385035
984,984,2024-02-01 10:00:00,183.0850,183.8970,182.7650,183.1470,544146
985,985,2024-02-01 09:00:00,182.3710,183.7090,181.0600,183.1520,570585
986,986,2024-02-01 08:00:00,182.8860,186.2060,182.0020,182.2110,13634
987,987,2024-02-01 07:00:00,183.1640,183.1640,182.6260,182.8750,1558
988,988,2024-02-01 06:00:00,182.7280,182.9260,182.5960,182.8550,152
989,989,2024-02-01 05:00:00,182.3810,182.7680,182.3190,182.5970,1067
990,990,2024-02-01 04:00:00,183.3320,183.5410,182.3290,182.3300,1489
991,991,2024-01-31 19:00:00,182.0060,182.6470,181.9950,182.5560,3145968
992,992,2024-01-31 18:00:00,182.1350,182.3600,181.9950,182.2790,3144787
993,993,2024-01-31 17:00:00,181.3520,182.3600,181.3410,182.1500,1552
994,994,2024-01-31 16:00:00,181.9360,182.3600,180.8460,182.0210,10562752
995,995,2024-01-31 15:00:00,182.8280,182.9350,181.4800,181.9520,1596374
996,996,2024-01-31 14:00:00,183.3040,183.6280,182.7780,182.8240,519745
997,997,2024-01-31 13:00:00,183.5710,183.6380,182.8570,183.2950,549735
998,998,2024-01-31 12:00:00,184.1260,184.2970,183.4220,183.6070,415005
999,999,2024-01-31 11:00:00,185.0180,185.1350,183.9970,184.1620,631015
1000,1000,2024-01-31 10:00:00,185.1170,185.8580,184.6110,185.0830,488248
1001,1001,2024-01-31 09:00:00,185.2760,185.9770,184.4630,185.1430,390359
1002,1002,2024-01-31 08:00:00,185.5830,186.6610,185.2560,185.2920,6485
1003,1003,2024-01-31 07:00:00,185.6130,186.4930,185.3940,185.8370,4618
1004,1004,2024-01-31 06:00:00,185.3850,185.6010,184.9680,185.1630,717
1005,1005,2024-01-31 05:00:00,185.3650,185.7000,185.3550,185.6780,126
1006,1006,2024-01-31 04:00:00,186.0090,186.7700,185.4140,185.8170,3749
1007,1007,2024-01-30 19:00:00,186.1780,186.3240,184.8590,186.0350,743557
1008,1008,2024-01-30 18:00:00,184.8500,186.1950,184.8100,184.8750,744808
1009,1009,2024-01-30 17:00:00,184.8200,186.1950,184.3140,184.8650,8713
1010,1010,2024-01-30 16:00:00,186.1380,186.3540,184.5620,184.8360,2456083
1011,1011,2024-01-30 15:00:00,185.8110,186.3240,185.6020,186.1540,1039206
1012,1012,2024-01-30 14:00:00,185.2460,185.8780,185.1370,185.8270,361467
1013,1013,2024-01-30 13:00:00,185.7840,185.9000,185.1760,185.2620,378488
1014,1014,2024-01-30 12:00:00,185.6330,186.0560,185.4290,185.8380,371367
1015,1015,2024-01-30 11:00:00,186.4750,186.7400,185.4150,185.6420,443781
1016,1016,2024-01-30 10:00:00,185.6230,186.9680,185.3700,186.5110,512167
1017,1017,2024-01-30 09:00:00,184.9690,186.7740,184.7320,185.6480,468442
1018,1018,2024-01-30 08:00:00,185.6530,185.8380,184.9090,184.9360,2742
1019,1019,2024-01-30 07:00:00,185.3250,185.8190,185.1560,185.3910,3747
1020,1020,2024-01-30 06:00:00,185.2360,185.6500,185.0570,185.6480,626
1021,1021,2024-01-30 05:00:00,185.2070,185.3330,185.1170,185.2420,177
1022,1022,2024-01-30 04:00:00,185.6430,185.8380,185.2060,185.2320,729
1023,1023,2024-01-29 19:00:00,185.4540,185.4720,185.1760,185.4600,1497398
1024,1024,2024-01-29 18:00:00,185.3160,185.4720,185.1660,185.3110,1498149
1025,1025,2024-01-29 17:00:00,185.2260,185.4720,184.9090,185.3310,4383
1026,1026,2024-01-29 16:00:00,185.4840,185.5810,184.3640,185.2520,4946167
1027,1027,2024-01-29 15:00:00,184.6710,185.5310,184.6210,185.4700,1143579
1028,1028,2024-01-29 14:00:00,184.8100,184.9410,184.4230,184.6670,409239
1029,1029,2024-01-29 13:00:00,184.7440,185.0160,184.6020,184.8260,295708
1030,1030,2024-01-29 12:00:00,184.8800,185.6500,184.7110,184.7470,403993
1031,1031,2024-01-29 11:00:00,184.9700,185.1740,184.3640,184.8770,490762
1032,1032,2024-01-29 10:00:00,186.1980,187.6020,184.5820,185.0140,667777
1033,1033,2024-01-29 09:00:00,185.5630,187.7710,185.5030,186.2630,712759
1034,1034,2024-01-29 08:00:00,185.4740,186.6210,185.2060,185.5390,14424
1035,1035,2024-01-29 07:00:00,185.6230,186.6210,185.4540,186.2130,7724
1036,1036,2024-01-29 06:00:00,185.8010,186.9680,185.7310,185.7670,3405
1037,1037,2024-01-29 05:00:00,185.5240,185.9970,185.1860,185.7770,2285
1038,1038,2024-01-29 04:00:00,185.7020,185.9470,185.5130,185.6290,496
1039,1039,2024-01-26 19:00:00,185.7320,185.7490,185.4140,185.7180,1225010
1040,1040,2024-01-26 18:00:00,185.4250,185.7490,185.4040,185.5490,1220434
1041,1041,2024-01-26 17:00:00,185.4440,185.7100,185.1860,185.4300,3038
1042,1042,2024-01-26 16:00:00,185.6720,194.2480,185.3450,185.4500,4230716
1043,1043,2024-01-26 15:00:00,185.1070,185.7390,184.7110,185.6980,1631579
1044,1044,2024-01-26 14:00:00,185.2870,185.5410,184.7500,185.1230,704284
1045,1045,2024-01-26 13:00:00,185.6230,185.8580,184.4730,185.3110,1088412
1046,1046,2024-01-26 12:00:00,186.9610,187.4240,185.4440,185.6750,760389
1047,1047,2024-01-26 11:00:00,186.6240,187.1270,185.9290,186.9760,918873
1048,1048,2024-01-26 10:00:00,187.5650,187.9640,186.2070,186.6360,1526240
1049,1049,2024-01-26 09:00:00,188.9130,190.6750,187.5550,187.5810,1405673
1050,1050,2024-01-26 08:00:00,188.7300,189.2480,186.8010,188.7700,41861
1051,1051,2024-01-26 07:00:00,188.8730,189.3470,188.4660,188.9290,10752
1052,1052,2024-01-26 06:00:00,188.7250,189.2970,187.9910,188.5230,5035
1053,1053,2024-01-26 05:00:00,187.8720,189.2970,187.6540,188.7310,2708
1054,1054,2024-01-26 04:00:00,187.3870,187.9400,187.0990,187.8980,2066
1055,1055,2024-01-25 19:00:00,188.7150,188.7320,187.2080,188.3040,999486
1056,1056,2024-01-25 18:00:00,188.2890,188.7320,172.3540,188.1560,1003755
1057,1057,2024-01-25 17:00:00,188.5360,188.5540,172.3540,172.3780,5576
1058,1058,2024-01-25 16:00:00,188.7840,188.8020,188.0400,188.4040,3198513
1059,1059,2024-01-25 15:00:00,188.3980,188.7920,187.0100,188.7700,3076713
1060,1060,2024-01-25 14:00:00,189.1510,189.8630,188.0300,188.4330,1922797
1061,1061,2024-01-25 13:00:00,190.5180,190.9620,189.0810,189.1750,1712551
1062,1062,2024-01-25 12:00:00,193.8980,193.9750,189.9820,190.4550,3564162
1063,1063,2024-01-25 11:00:00,193.4520,195.1450,192.5590,193.8870,4189652
1064,1064,2024-01-25 10:00:00,192.7430,193.7970,190.7350,193.4780,5634522
1065,1065,2024-01-25 09:00:00,182.6800,192.9640,182.5210,192.7590,7920102
1066,1066,2024-01-25 08:00:00,185.2160,186.8790,182.1840,182.6060,196550
1067,1067,2024-01-25 07:00:00,185.0280,186.0070,183.3230,183.7650,95959
1068,1068,2024-01-25 06:00:00,185.1370,185.2930,184.3240,184.9840,22247
1069,1069,2024-01-25 05:00:00,185.3650,185.8090,185.0080,185.2920,6817
1070,1070,2024-01-25 04:00:00,186.9210,186.9390,184.9090,185.3810,15385
1071,1071,2024-01-24 19:00:00,172.3630,186.8200,172.3540,186.7190,611273
1072,1072,2024-01-24 18:00:00,185.9300,187.0670,172.3540,186.0050,670000
1073,1073,2024-01-24 17:00:00,180.4700,187.0670,180.3500,186.0350,541792
1074,1074,2024-01-24 16:00:00,172.4030,183.2620,171.9270,180.4650,3302837
1075,1075,2024-01-24 15:00:00,172.3530,172.7360,172.0170,172.4270,1547744
1076,1076,2024-01-24 14:00:00,172.7100,172.7860,172.2640,172.3920,839910
1077,1077,2024-01-24 13:00:00,172.3040,172.8160,171.8280,172.7250,842191
1078,1078,2024-01-24 12:00:00,171.8140,172.4390,171.7740,172.2990,775938
1079,1079,2024-01-24 11:00:00,171.3820,172.4090,171.3330,171.8430,616691
1080,1080,2024-01-24 10:00:00,172.9880,173.0310,171.3430,171.4210,905045
1081,1081,2024-01-24 09:00:00,173.2060,173.4400,172.0460,173.0020,640911
1082,1082,2024-01-24 08:00:00,173.4240,175.1940,172.3630,173.1410,15191
1083,1083,2024-01-24 07:00:00,173.4240,173.7370,173.0970,173.3990,10132
1084,1084,2024-01-24 06:00:00,173.6520,173.8170,173.2260,173.4090,1187
1085,1085,2024-01-24 05:00:00,173.3740,173.7170,173.2650,173.6370,2104
1086,1086,2024-01-24 04:00:00,173.4240,173.4400,173.0270,173.4190,2874
1087,1087,2024-01-23 19:00:00,172.3730,173.4200,172.3630,173.4190,436383
1088,1088,2024-01-23 18:00:00,172.8090,173.1280,172.3630,173.1210,434845
1089,1089,2024-01-23 17:00:00,172.6900,173.1430,172.4230,172.8540,3219
1090,1090,2024-01-23 16:00:00,172.3630,173.0240,159.9310,172.8930,1559984
1091,1091,2024-01-23 15:00:00,172.1750,172.4490,171.9870,172.3780,812673
1092,1092,2024-01-23 14:00:00,171.7690,172.3100,171.6450,172.1800,391712
1093,1093,2024-01-23 13:00:00,171.5800,171.8540,171.5260,171.7730,297113
1094,1094,2024-01-23 12:00:00,171.8580,172.0620,171.4820,171.6050,331182
1095,1095,2024-01-23 11:00:00,171.3970,172.1420,171.3630,171.8820,451979
1096,1096,2024-01-23 10:00:00,172.2640,172.4690,171.3730,171.4120,641583
1097,1097,2024-01-23 09:00:00,171.8380,172.3790,170.9170,172.2390,351384
1098,1098,2024-01-23 08:00:00,171.7090,172.2010,171.2640,171.8030,2327
1099,1099,2024-01-23 07:00:00,171.6200,171.9530,171.6100,171.8530,758
1100,1100,2024-01-23 06:00:00,171.6500,171.8050,171.4620,171.8030,134
1101,1101,2024-01-23 05:00:00,171.6100,171.6860,171.5310,171.6440,172
1102,1102,2024-01-23 04:00:00,171.6400,171.6560,171.5310,171.5550,14
1103,1103,2024-01-22 19:00:00,171.2730,171.6360,171.2640,171.6350,887218
1104,1104,2024-01-22 18:00:00,171.2340,171.7950,171.0360,171.4560,891445
1105,1105,2024-01-22 17:00:00,171.2530,171.4480,171.0360,171.4460,263
1106,1106,2024-01-22 16:00:00,171.3230,171.7950,170.9170,171.2880,2932034
1107,1107,2024-01-22 15:00:00,171.4320,171.7450,171.1150,171.3370,768764
1108,1108,2024-01-22 14:00:00,171.1890,171.4330,171.1350,171.4310,258140
1109,1109,2024-01-22 13:00:00,171.6840,171.7060,171.1150,171.2130,348941
1110,1110,2024-01-22 12:00:00,171.5510,171.7950,171.2540,171.6840,336661
1111,1111,2024-01-22 11:00:00,171.1690,171.6760,170.8370,171.5450,514072
1112,1112,2024-01-22 10:00:00,172.1600,172.4490,171.0750,171.1690,683238
1113,1113,2024-01-22 09:00:00,170.9860,172.8950,170.5600,172.1500,835281
1114,1114,2024-01-22 08:00:00,170.4210,171.0320,169.8960,171.0000,11805
1115,1115,2024-01-22 07:00:00,170.3320,170.9620,170.0250,170.9610,3213
1116,1116,2024-01-22 06:00:00,170.3810,170.5060,170.2430,170.4350,188
1117,1117,2024-01-22 05:00:00,170.4510,170.6950,170.2130,170.3960,1351
1118,1118,2024-01-22 04:00:00,170.5890,170.6750,170.1440,170.4650,144
1119,1119,2024-01-19 19:00:00,169.9350,170.1690,169.9260,170.1680,774526
1120,1120,2024-01-19 18:00:00,169.9650,170.2190,169.9260,170.1680,776475
1121,1121,2024-01-19 17:00:00,170.0250,170.2190,169.9160,170.1080,2244
1122,1122,2024-01-19 16:00:00,169.9650,170.2880,169.0430,170.0390,2611329
1123,1123,2024-01-19 15:00:00,169.8560,170.0500,169.5740,169.9790,1484587
1124,1124,2024-01-19 14:00:00,169.2810,169.9510,169.1970,169.8880,543045
1125,1125,2024-01-19 13:00:00,168.9740,169.4360,168.7760,169.2860,633734
1126,1126,2024-01-19 12:00:00,168.3990,168.9900,168.0830,168.9690,436946
1127,1127,2024-01-19 11:00:00,168.4290,168.8810,167.9440,168.4230,597989
1128,1128,2024-01-19 10:00:00,168.5580,168.7820,167.6470,168.4630,625903
1129,1129,2024-01-19 09:00:00,168.3700,169.1480,167.7160,168.5330,1459863
1130,1130,2024-01-19 08:00:00,168.3700,169.2050,165.3280,168.4530,26458
1131,1131,2024-01-19 07:00:00,168.7760,169.4760,168.4390,169.0480,23254
1132,1132,2024-01-19 06:00:00,167.2890,169.6240,167.2800,169.0580,21236
1133,1133,2024-01-19 05:00:00,165.8430,167.9790,165.8330,167.5120,6153
1134,1134,2024-01-19 04:00:00,165.8520,165.9080,165.5660,165.8860,236
1135,1135,2024-01-18 19:00:00,165.3370,165.5010,165.1000,165.5000,871882
1136,1136,2024-01-18 18:00:00,165.3470,165.3630,165.1000,165.3510,871888
1137,1137,2024-01-18 17:00:00,164.8320,165.3530,164.8220,165.3510,684
1138,1138,2024-01-18 16:00:00,165.3070,165.5110,164.7830,165.3510,2926975
1139,1139,2024-01-18 15:00:00,165.2980,165.5010,165.1200,165.3210,666224
1140,1140,2024-01-18 14:00:00,164.6340,165.3920,164.5850,165.3020,292651
1141,1141,2024-01-18 13:00:00,164.7620,164.8100,164.3270,164.6570,269661
1142,1142,2024-01-18 12:00:00,164.8910,164.9460,164.5250,164.7670,284959
1143,1143,2024-01-18 11:00:00,164.3460,165.1540,164.1630,164.8950,347210
1144,1144,2024-01-18 10:00:00,164.1830,164.6590,163.5440,164.3600,378404
1145,1145,2024-01-18 09:00:00,164.7820,165.5110,163.8610,164.1420,349098
1146,1146,2024-01-18 08:00:00,164.7820,165.7440,164.3770,164.7570,5399
1147,1147,2024-01-18 07:00:00,164.7030,164.9960,164.6940,164.7660,626
1148,1148,2024-01-18 06:00:00,164.6530,164.6990,164.4460,164.6470,194
1149,1149,2024-01-18 05:00:00,164.5050,164.5700,164.4950,164.5680,111
1150,1150,2024-01-18 04:00:00,164.6040,164.7080,164.5350,164.5580,134
1151,1151,2024-01-17 19:00:00,164.5840,164.5990,164.2970,164.5190,440397
1152,1152,2024-01-17 18:00:00,164.5540,164.5990,164.2970,164.4200,440486
1153,1153,2024-01-17 17:00:00,164.4160,164.5990,164.2970,164.5190,179
1154,1154,2024-01-17 16:00:00,164.5340,164.5990,164.0790,164.5980,1522537
1155,1155,2024-01-17 15:00:00,164.3860,164.7380,163.9950,164.5880,811197
1156,1156,2024-01-17 14:00:00,164.4650,164.5200,164.2280,164.3900,351525
1157,1157,2024-01-17 13:00:00,164.8220,164.9170,164.0400,164.4490,399560
1158,1158,2024-01-17 12:00:00,165.7730,165.9470,164.8130,164.8360,387503
1159,1159,2024-01-17 11:00:00,165.8620,166.3240,165.7340,165.7770,624796
1160,1160,2024-01-17 10:00:00,165.2180,166.2630,164.8620,165.8670,576746
1161,1161,2024-01-17 09:00:00,164.8420,166.0170,164.5850,165.2820,479347
1162,1162,2024-01-17 08:00:00,165.0000,165.6300,164.6540,164.9150,11744
1163,1163,2024-01-17 07:00:00,165.1290,165.3920,164.9610,165.2620,364
1164,1164,2024-01-17 06:00:00,165.1290,165.2630,164.8920,165.0240,1029
1165,1165,2024-01-17 05:00:00,165.3870,165.4020,165.1890,165.2120,20
1166,1166,2024-01-17 04:00:00,165.0800,165.2630,164.8320,164.8560,110
1167,1167,2024-01-16 19:00:00,165.4560,165.5210,165.1890,165.2920,690857
1168,1168,2024-01-16 18:00:00,165.6640,165.6900,165.4470,165.5200,690309
1169,1169,2024-01-16 17:00:00,165.6440,165.7380,165.5060,165.5300,734
1170,1170,2024-01-16 16:00:00,165.4260,165.7590,159.4470,165.6680,2427685
1171,1171,2024-01-16 15:00:00,164.5340,165.5610,164.5150,165.4400,1028758
1172,1172,2024-01-16 14:00:00,164.3410,164.6390,164.0200,164.5480,362962
1173,1173,2024-01-16 13:00:00,164.5540,165.0650,164.0990,164.3700,334082
1174,1174,2024-01-16 12:00:00,165.1980,165.2730,164.5350,164.5880,337241
1175,1175,2024-01-16 11:00:00,165.1190,165.4320,164.4260,165.2410,525325
1176,1176,2024-01-16 10:00:00,164.3360,165.2240,164.1880,165.1330,518582
1177,1177,2024-01-16 09:00:00,163.8900,165.7590,163.8410,164.3110,704445
1178,1178,2024-01-16 08:00:00,164.0090,164.4900,163.6630,163.8840,5195
1179,1179,2024-01-16 07:00:00,164.0090,164.2620,163.6830,163.9340,3343
1180,1180,2024-01-16 06:00:00,163.7710,164.1140,163.6930,164.0630,1297
1181,1181,2024-01-16 05:00:00,163.9200,163.9650,163.6530,163.6760,1072
1182,1182,2024-01-16 04:00:00,164.3070,164.3220,163.7230,163.9440,296
1183,1183,2024-01-12 19:00:00,164.3070,164.3220,164.1090,164.1330,1047404
1184,1184,2024-01-12 18:00:00,164.2870,164.3220,164.0990,164.1220,1047475
1185,1185,2024-01-12 17:00:00,164.1300,164.3220,164.1200,164.3200,34979
1186,1186,2024-01-12 16:00:00,164.2970,164.5000,164.0990,164.1690,3257830
1187,1187,2024-01-12 15:00:00,163.8210,164.5000,163.7470,164.3010,1114161
1188,1188,2024-01-12 14:00:00,163.3210,163.8560,163.2620,163.8430,495582
1189,1189,2024-01-12 13:00:00,163.0480,163.4400,163.0390,163.3290,371676
1190,1190,2024-01-12 12:00:00,162.3940,163.2710,162.3600,163.0670,456080
1191,1191,2024-01-12 11:00:00,162.0670,162.5080,162.0080,162.3950,418303
1192,1192,2024-01-12 10:00:00,161.5520,162.2210,161.3340,162.0810,458235
1193,1193,2024-01-12 09:00:00,160.6100,162.0370,160.5610,161.5360,438139
1194,1194,2024-01-12 08:00:00,160.4910,161.0530,160.3530,160.6240,1151
1195,1195,2024-01-12 07:00:00,160.5900,161.0320,160.3930,160.6340,1178
1196,1196,2024-01-12 06:00:00,160.5410,161.0510,160.5320,160.7530,733
1197,1197,2024-01-12 05:00:00,160.6300,160.9520,160.4820,160.5050,48
1198,1198,2024-01-12 04:00:00,160.2630,160.9520,158.8170,160.6440,939
1199,1199,2024-01-11 19:00:00,160.6990,160.7140,160.6010,160.6630,902418
1200,1200,2024-01-11 18:00:00,160.6800,160.7140,160.5520,160.6930,902802
1201,1201,2024-01-11 17:00:00,160.7090,160.7240,160.5640,160.6530,535
1202,1202,2024-01-11 16:00:00,160.6800,160.9320,158.8220,160.8320,3364480
1203,1203,2024-01-11 15:00:00,160.1940,160.7840,159.9170,160.6930,766340
1204,1204,2024-01-11 14:00:00,159.8970,160.2500,159.7640,160.2030,235555
1205,1205,2024-01-11 13:00:00,159.2430,159.9120,159.2340,159.8850,166270
1206,1206,2024-01-11 12:00:00,159.0690,159.3860,158.8870,159.2610,221581
1207,1207,2024-01-11 11:00:00,159.3320,159.6940,159.0250,159.1170,305509
1208,1208,2024-01-11 10:00:00,159.4060,159.9410,158.8370,159.3250,303780
1209,1209,2024-01-11 09:00:00,159.5700,160.2580,159.1940,159.4050,215627
1210,1210,2024-01-11 08:00:00,159.7380,159.9510,159.1340,159.5630,3980
1211,1211,2024-01-11 07:00:00,159.8170,159.9910,159.5110,159.5730,1021
1212,1212,2024-01-11 06:00:00,159.5300,159.7230,159.3820,159.7220,241
1213,1213,2024-01-11 05:00:00,159.7780,159.7930,159.3430,159.4050,273
1214,1214,2024-01-11 04:00:00,159.7780,159.9510,159.4610,159.7610,96
1215,1215,2024-01-10 19:00:00,159.7780,159.9610,159.6200,159.7910,558340
1216,1216,2024-01-10 18:00:00,159.7780,159.9610,159.6000,159.6230,558270
1217,1217,2024-01-10 17:00:00,159.5500,159.9610,159.5410,159.6430,221
1218,1218,2024-01-10 16:00:00,159.7480,160.0400,159.5310,159.9600,2086285
1219,1219,2024-01-10 15:00:00,159.5300,159.9020,159.2240,159.7610,729607
1220,1220,2024-01-10 14:00:00,158.9950,159.5650,158.9660,159.5530,230476
1221,1221,2024-01-10 13:00:00,158.9350,159.0890,158.7080,159.0180,160369
1222,1222,2024-01-10 12:00:00,159.0740,159.0890,158.8570,158.9690,133182
1223,1223,2024-01-10 11:00:00,159.4510,159.6040,158.9260,159.1150,204817
1224,1224,2024-01-10 10:00:00,158.5490,159.5750,158.3420,159.4640,308614
1225,1225,2024-01-10 09:00:00,158.5490,159.1970,158.2920,158.5720,231134
1226,1226,2024-01-10 08:00:00,158.6380,158.9900,158.4010,158.8100,1561
1227,1227,2024-01-10 07:00:00,158.5790,158.8120,158.4310,158.7210,357
1228,1228,2024-01-10 06:00:00,158.6580,158.6730,158.4310,158.4530,63
1229,1229,2024-01-10 05:00:00,158.9450,158.9600,158.5500,158.6710,35
1230,1230,2024-01-10 04:00:00,158.8260,158.8410,158.5200,158.7010,44
1231,1231,2024-01-09 19:00:00,158.6380,158.8510,158.4110,158.4830,566370
1232,1232,2024-01-09 18:00:00,158.5590,158.6530,158.4110,158.4330,566554
1233,1233,2024-01-09 17:00:00,158.6280,158.6430,158.4010,158.4730,48
1234,1234,2024-01-09 16:00:00,158.6280,159.0200,158.4210,158.6510,1784306
1235,1235,2024-01-09 15:00:00,158.7170,158.9110,158.3810,158.6420,655073
1236,1236,2024-01-09 14:00:00,158.7070,158.7920,158.4610,158.7210,222196
1237,1237,2024-01-09 13:00:00,158.7470,158.8710,158.2330,158.7010,238192
1238,1238,2024-01-09 12:00:00,158.9250,159.0530,158.6590,158.7510,176477
1239,1239,2024-01-09 11:00:00,158.4600,158.9400,158.4410,158.9280,242231
1240,1240,2024-01-09 10:00:00,158.4600,158.8810,158.0640,158.4630,259964
1241,1241,2024-01-09 09:00:00,159.2330,159.4460,158.1040,158.5180,168916
1242,1242,2024-01-09 08:00:00,159.4900,159.7130,159.1250,159.3650,692
1243,1243,2024-01-09 07:00:00,159.5000,159.5150,159.3230,159.4150,208
1244,1244,2024-01-09 06:00:00,159.5890,159.6040,159.3130,159.3750,46
1245,1245,2024-01-09 05:00:00,159.3220,159.3370,159.3130,159.3350,5
1246,1246,2024-01-09 04:00:00,159.4410,159.7230,158.6980,159.3550,895
1247,1247,2024-01-08 19:00:00,159.6890,159.8620,159.5410,159.5730,754583
1248,1248,2024-01-08 18:00:00,159.6890,159.8620,159.6500,159.6720,754336
1249,1249,2024-01-08 17:00:00,159.5400,159.7230,159.4220,159.5650,83395
1250,1250,2024-01-08 16:00:00,159.7080,160.1590,159.3620,159.5630,2436606
1251,1251,2024-01-08 15:00:00,159.2330,159.7790,159.0740,159.7120,666809
1252,1252,2024-01-08 14:00:00,158.7470,159.3470,158.5600,159.2510,256729
1253,1253,2024-01-08 13:00:00,158.5390,158.7820,158.5000,158.7610,173602
1254,1254,2024-01-08 12:00:00,158.4300,158.6930,158.1320,158.5570,161787
1255,1255,2024-01-08 11:00:00,158.5490,158.6430,158.0150,158.3920,245878
1256,1256,2024-01-08 10:00:00,157.3250,158.5540,157.2910,158.5520,362819
1257,1257,2024-01-08 09:00:00,157.5580,157.6420,156.4540,157.3390,441052
1258,1258,2024-01-08 08:00:00,157.6370,157.8200,157.3410,157.7790,1723
1259,1259,2024-01-08 07:00:00,157.3300,157.6620,157.3210,157.6410,680
1260,1260,2024-01-08 06:00:00,157.2710,157.4340,157.0930,157.1450,94
1261,1261,2024-01-08 05:00:00,157.2900,157.4440,157.1630,157.4320,146
1262,1262,2024-01-08 04:00:00,157.7160,158.0190,157.0040,157.3040,147
1263,1263,2024-01-05 19:00:00,157.7260,158.1180,157.6380,157.6600,537550
1264,1264,2024-01-05 18:00:00,158.0430,158.1180,157.4400,158.0570,537577
1265,1265,2024-01-05 17:00:00,158.0430,158.1180,157.6580,158.0270,119
1266,1266,2024-01-05 16:00:00,157.7110,158.2570,157.6580,157.7400,2235144
1267,1267,2024-01-05 15:00:00,157.8210,158.0090,157.2320,157.7250,951902
1268,1268,2024-01-05 14:00:00,158.0730,158.2760,157.7570,157.8490,404211
1269,1269,2024-01-05 13:00:00,157.8060,158.1670,157.4400,158.0670,239208
1270,1270,2024-01-05 12:00:00,157.9740,158.2020,157.7370,157.8090,275948
1271,1271,2024-01-05 11:00:00,158.6880,158.7890,157.9260,157.9870,282497
1272,1272,2024-01-05 10:00:00,158.0830,159.1190,158.0590,158.6910,415751
1273,1273,2024-01-05 09:00:00,157.3500,158.8210,157.3410,158.0570,448547
1274,1274,2024-01-05 08:00:00,157.6670,159.7630,155.5570,157.5020,13584
1275,1275,2024-01-05 07:00:00,157.3500,158.3660,157.3410,158.0470,4477
1276,1276,2024-01-05 06:00:00,157.3890,157.4240,157.2420,157.2640,1116
1277,1277,2024-01-05 05:00:00,157.5180,157.5530,157.3900,157.4130,143
1278,1278,2024-01-05 04:00:00,157.4790,157.8600,157.1720,157.5810,1796
1279,1279,2024-01-04 19:00:00,159.4110,159.7430,159.4020,159.5240,654761
1280,1280,2024-01-04 18:00:00,159.4610,159.7230,159.4020,159.5140,654402
1281,1281,2024-01-04 17:00:00,159.5500,159.6840,159.4370,159.4740,2061
1282,1282,2024-01-04 16:00:00,159.4110,160.0400,159.4020,159.6620,2186242
1283,1283,2024-01-04 15:00:00,160.2760,160.2980,159.3430,159.4340,769229
1284,1284,2024-01-04 14:00:00,160.0750,160.3680,159.9670,160.2870,190700
1285,1285,2024-01-04 13:00:00,159.9460,160.1790,159.9270,160.0890,187003
1286,1286,2024-01-04 12:00:00,159.9260,160.1790,159.7190,159.9700,253405
1287,1287,2024-01-04 11:00:00,160.1340,160.3580,159.8680,159.9500,278542
1288,1288,2024-01-04 10:00:00,159.2130,160.3030,159.1640,160.1480,392860
1289,1289,2024-01-04 09:00:00,158.9350,159.7630,158.7180,159.3160,258323
1290,1290,2024-01-04 08:00:00,158.8070,159.3170,158.4710,158.8500,1355
1291,1291,2024-01-04 07:00:00,158.7070,158.9300,158.6980,158.9290,261
1292,1292,2024-01-04 06:00:00,158.8460,158.8610,158.6590,158.6810,13
1293,1293,2024-01-04 05:00:00,159.2030,159.2870,158.6980,158.9290,40
1294,1294,2024-01-04 04:00:00,158.6580,158.9700,158.6490,158.9690,20
1295,1295,2024-01-03 19:00:00,158.6580,159.0200,158.6490,158.9190,826922
1296,1296,2024-01-03 18:00:00,158.8560,159.0200,158.6490,159.0180,827089
1297,1297,2024-01-03 17:00:00,159.0340,159.0490,158.6650,158.6910,896
1298,1298,2024-01-03 16:00:00,158.6780,159.3170,158.5600,159.0480,3128123
1299,1299,2024-01-03 15:00:00,159.2920,159.3070,158.6290,158.6910,863900
1300,1300,2024-01-03 14:00:00,159.2430,159.4760,159.0250,159.3160,289490
1301,1301,2024-01-03 13:00:00,159.3520,159.4460,159.1050,159.2760,246526
1302,1302,2024-01-03 12:00:00,159.6590,159.7230,159.1940,159.3860,396151
1303,1303,2024-01-03 11:00:00,159.3810,159.8520,159.3670,159.6720,281614
1304,1304,2024-01-03 10:00:00,160.0450,160.2880,159.3620,159.3950,303223
1305,1305,2024-01-03 09:00:00,159.6790,160.1640,159.4020,160.0980,225164
1306,1306,2024-01-03 08:00:00,159.6590,160.0600,159.2630,159.5630,1561
1307,1307,2024-01-03 07:00:00,159.5500,159.8420,159.3430,159.5630,468
1308,1308,2024-01-03 06:00:00,159.4710,159.6740,159.1940,159.6720,168
1309,1309,2024-01-03 05:00:00,159.4710,159.4950,159.4420,159.4740,31
1310,1310,2024-01-03 04:00:00,159.5300,159.7230,159.4220,159.4440,28
1311,1311,2024-01-02 19:00:00,160.0450,160.2580,159.8380,159.8610,608041
1312,1312,2024-01-02 18:00:00,160.2240,160.2390,159.9070,159.9300,608325
1313,1313,2024-01-02 17:00:00,160.0450,160.3580,160.0360,160.2370,1784
1314,1314,2024-01-02 16:00:00,160.0650,160.5360,159.4420,160.1380,2041557
1315,1315,2024-01-02 15:00:00,159.0540,160.1990,159.0350,160.0790,768833
1316,1316,2024-01-02 14:00:00,159.7480,159.7930,159.0060,159.0780,380142
1317,1317,2024-01-02 13:00:00,160.3520,160.3680,159.6400,159.7710,332706
1318,1318,2024-01-02 12:00:00,160.8280,160.8580,160.3430,160.3720,291015
1319,1319,2024-01-02 11:00:00,160.3030,160.8830,160.2940,160.8420,313576
1320,1320,2024-01-02 10:00:00,160.9070,161.0850,159.7260,160.3360,497054
1321,1321,2024-01-02 09:00:00,161.3830,162.0920,160.7700,160.9610,382705
1322,1322,2024-01-02 08:00:00,162.0770,162.4290,161.2350,161.3970,29870
1323,1323,2024-01-02 07:00:00,161.8690,162.1120,161.3640,161.4170,1014
1324,1324,2024-01-02 06:00:00,162.4140,162.4290,161.7410,161.9220,319
1325,1325,2024-01-02 05:00:00,162.7010,162.7160,162.3950,162.4180,124
1326,1326,2024-01-02 04:00:00,162.0770,162.8060,162.0680,162.6060,763
